LeagueID,SeasonID,TeamID,TeamCity,TeamName,Conference,ConferenceRecord,PlayoffRank,ClinchIndicator,Division,DivisionRecord,DivisionRank,WINS,LOSSES,WinPCT,LeagueRank,Record,HOME,ROAD,L10,Last10Home,Last10Road,OT,ThreePTSOrLess,TenPTSOrMore,LongHomeStreak,strLongHomeStreak,LongRoadStreak,strLongRoadStreak,LongWinStreak,LongLossStreak,CurrentHomeStreak,strCurrentHomeStreak,CurrentRoadStreak,strCurrentRoadStreak,CurrentStreak,strCurrentStreak,ConferenceGamesBack,DivisionGamesBack,ClinchedConferenceTitle,ClinchedDivisionTitle,ClinchedPlayoffBirth,EliminatedConference,EliminatedDivision,AheadAtHalf,BehindAtHalf,TiedAtHalf,AheadAtThird,BehindAtThird,TiedAtThird,Score100PTS,OppScore100PTS,OppOver500,LeadInFGPCT,LeadInReb,FewerTurnovers,PointsPG,OppPointsPG,DiffPointsPG,vsEast,vsAtlantic,vsCentral,vsSoutheast,vsWest,vsNorthwest,vsPacific,vsSouthwest,Jan,Feb,Mar,Apr,May,Jun,Jul,Aug,Sep,Oct,Nov,Dec,PreAS,PostAS,SEASON
00,22019,1610612747,Los Angeles,Lakers,West,36-10,1, - w,Pacific,10-3,1,52,19,0.732,0.0,52-19,25-10,27-9,4-6,7-3,6-4,2-0,7-3,25-11,6,W 6,14,W 14,10,4,-1,L 1,-2,L 2,-1,L 1,0.0,0.0,1,1,1,0,0,39-8,11-10,2-1,43-0,7-16,2-3,48-14,36-19,22-14,42-4,38-7,33-5,113.4,107.6,5.8,16-9,5-5,4-3,7-1,36-10,12-3,10-3,14-4,10-4,9-2,4-1,,,,1-0,2-5,,3-1,14-1,9-5,41-12,11-7,2019-20
00,22019,1610612749,Milwaukee,Bucks,East,37-7,1, - e,Central,13-1,1,56,17,0.767,0.0,56-17,30-5,26-12,3-7,8-2,3-7,1-2,3-2,38-8,13,W 13,8,W 8,18,3,-1,L 1,-1,L 1,-1,L 1,0.0,0.0,1,1,1,0,0,46-4,10-12,0-1,49-2,5-15,2-0,55-15,40-17,20-13,54-5,46-4,20-5,118.7,108.6,10.1,37-7,10-4,13-1,14-2,19-10,7-3,7-2,5-5,11-2,10-1,2-4,,,,1-0,2-5,,2-2,15-1,13-2,46-8,10-9,2019-20
00,22019,1610612746,LA,Clippers,West,32-16,2, - x,Pacific,8-6,2,49,23,0.681,0.0,49-23,27-9,22-14,6-4,6-4,7-3,2-1,8-3,32-8,10,W 10,4,W 4,7,3,1,W 1,3,W 3,2,W 2,3.5,3.5,0,0,1,0,0,36-6,13-14,0-3,38-4,9-19,2-0,47-18,32-23,22-13,40-5,36-3,22-5,116.3,109.9,6.4,17-7,5-3,4-3,8-1,32-16,11-5,8-6,13-5,9-4,7-4,4-1,,,,0-1,5-2,,4-2,10-4,10-5,37-18,12-5,2019-20
00,22019,1610612761,Toronto,Raptors,East,34-11,2, - a,Atlantic,9-5,1,53,19,0.736,0.0,53-19,26-10,27-9,9-1,7-3,8-2,2-2,6-4,23-10,9,W 9,10,W 10,15,3,2,W 2,8,W 8,4,W 4,2.5,0.0,0,1,1,0,0,37-4,15-14,1-1,48-6,3-13,2-0,51-11,35-15,21-14,44-3,29-3,37-9,112.8,106.5,6.2,34-11,9-5,13-3,12-3,19-8,7-3,7-2,5-3,12-3,7-3,4-1,,,,,7-1,,4-1,10-3,9-7,40-15,13-4,2019-20
00,22019,1610612743,Denver,Nuggets,West,29-16,3, - nw,Northwest,12-2,1,46,27,0.63,0.0,46-27,26-11,20-16,4-6,5-5,4-6,5-3,9-5,16-13,5,W 5,4,W 4,7,3,-1,L 1,-2,L 2,-3,L 3,7.0,0.0,0,1,1,0,0,27-8,19-18,0-1,35-6,9-20,2-1,43-21,31-26,20-16,37-6,32-9,22-12,111.3,109.2,2.1,17-11,6-4,4-4,7-3,29-16,12-2,9-7,8-7,11-5,6-4,3-3,,,,,3-5,,3-2,10-2,10-6,38-17,8-10,2019-20
00,22019,1610612738,Boston,Celtics,East,30-13,3, - x,Atlantic,9-6,2,48,24,0.667,0.0,48-24,26-10,22-14,6-4,5-5,7-3,2-3,6-5,29-7,10,W 10,5,W 5,10,3,-1,L 1,2,W 2,-1,L 1,7.5,5.0,0,0,1,0,0,36-8,10-16,2-0,44-6,2-16,2-2,47-16,36-20,19-16,38-4,36-10,31-13,113.7,107.3,6.3,30-13,9-6,9-4,12-3,18-11,6-3,6-4,6-4,9-7,9-3,2-3,,,,0-1,5-2,,3-1,10-4,10-3,38-16,10-8,2019-20
00,22019,1610612745,Houston,Rockets,West,28-19,4, - sw,Southwest,8-5,1,44,28,0.611,0.0,44-28,24-12,20-16,5-5,6-4,5-5,2-1,4-5,22-14,6,W 6,6,W 6,8,4,-2,L 2,-1,L 1,-3,L 3,8.5,0.0,0,1,1,0,0,32-8,10-19,2-1,38-6,6-22,0-0,44-23,40-28,19-13,25-3,20-6,26-14,117.8,114.8,3.0,16-9,6-3,4-3,6-3,28-19,10-8,10-6,8-5,7-7,9-2,1-4,,,,1-0,3-4,,3-1,10-5,10-5,34-20,10-8,2019-20
00,22019,1610612754,Indiana,Pacers,East,28-19,4, - x,Central,8-7,2,45,28,0.616,0.0,45-28,25-11,20-17,7-3,7-3,6-4,3-1,5-7,20-12,6,W 6,4,W 4,5,6,4,W 4,1,W 1,2,W 2,11.0,11.0,0,0,1,0,0,33-5,12-21,0-2,36-5,6-22,3-1,45-17,33-26,14-18,37-11,25-3,27-15,109.4,107.5,2.0,28-19,9-7,8-7,11-5,17-9,7-3,5-2,5-4,9-5,5-7,3-2,,,,,6-2,,1-3,11-4,10-5,32-23,13-5,2019-20
00,22019,1610612748,Miami,Heat,East,30-13,5, - se,Southeast,10-4,1,44,29,0.603,0.0,44-29,29-7,15-22,4-6,6-4,3-7,8-1,6-4,23-11,11,W 11,-4,L 4,5,3,1,W 1,-3,L 3,-2,L 2,12.0,0.0,0,1,1,0,0,34-12,8-16,2-1,36-6,7-22,1-1,43-21,34-28,22-15,36-11,34-8,15-15,112.0,109.1,2.9,30-13,9-6,11-3,10-4,14-16,4-6,4-6,6-4,8-6,6-7,3-2,,,,,3-5,,4-1,9-4,11-4,35-19,9-10,2019-20
00,22019,1610612760,Oklahoma City,Thunder,West,27-19,5, - x,Northwest,8-5,2,44,28,0.611,0.0,44-28,23-14,21-14,6-4,6-4,6-4,4-2,8-6,18-10,5,W 5,9,W 9,5,3,2,W 2,-3,L 3,-1,L 1,8.5,1.5,0,0,1,0,0,31-10,11-18,2-0,26-4,17-23,1-1,43-17,35-25,13-21,39-4,26-6,22-11,110.4,108.4,2.0,17-9,5-3,6-4,6-2,27-19,8-5,9-8,10-6,12-5,7-3,3-1,,,,,4-4,,1-4,6-7,11-4,33-22,11-6,2019-20
00,22019,1610612755,Philadelphia,76ers,East,28-18,6, - x,Atlantic,11-5,3,43,30,0.589,0.0,43-30,31-4,12-26,5-5,8-2,3-7,1-2,6-5,19-15,17,W 17,-9,L 9,5,4,-2,L 2,1,W 1,1,W 1,13.0,10.5,0,0,1,0,0,29-9,12-19,2-2,31-7,9-22,3-1,39-17,27-29,18-21,30-5,36-12,25-9,110.7,108.4,2.4,28-18,11-5,10-6,7-7,15-12,5-4,5-5,5-3,8-5,6-5,2-3,,,,,4-4,,4-0,10-6,9-7,34-21,9-9,2019-20
00,22019,1610612762,Utah,Jazz,West,24-21,6, - x,Northwest,5-7,3,44,28,0.611,0.0,44-28,23-12,21-16,4-6,3-7,7-3,0-2,7-5,18-11,9,W 9,7,W 7,10,5,1,W 1,-3,L 3,1,W 1,8.5,1.5,0,0,1,0,0,28-7,15-20,1-1,34-8,9-20,1-0,42-20,31-26,13-18,40-6,31-8,15-5,111.3,108.8,2.5,20-7,6-4,6-2,8-1,24-21,5-7,9-6,10-8,11-4,5-6,4-1,,,,1-0,2-5,,4-1,8-6,9-5,36-18,8-10,2019-20
00,22019,1610612742,Dallas,Mavericks,West,27-20,7, - x,Southwest,10-4,2,43,32,0.573,0.0,43-32,20-18,23-14,4-6,6-4,4-6,3-4,2-11,23-9,4,W 4,7,W 7,5,2,-1,L 1,-1,L 1,-2,L 2,11.0,2.5,0,0,1,0,0,31-13,12-18,0-1,36-11,5-19,2-2,43-30,32-32,16-20,32-7,29-9,18-10,117.0,112.1,4.9,16-12,4-5,7-2,5-5,27-20,9-6,8-10,10-4,8-7,7-5,4-3,,,,0-1,3-4,,3-1,9-5,9-6,33-22,10-10,2019-20
00,22019,1610612751,Brooklyn,Nets,East,23-23,7, - x,Atlantic,6-10,4,35,37,0.486,0.0,35-37,20-16,15-21,7-3,6-4,6-4,3-5,7-7,17-19,5,W 5,-6,L 6,4,7,-1,L 1,2,W 2,-1,L 1,20.5,18.0,0,0,1,0,0,26-16,8-21,1-0,28-13,6-22,1-2,35-29,26-36,11-21,27-10,27-14,13-4,111.8,112.3,-0.6,23-23,6-10,8-4,9-9,12-14,2-7,6-2,4-5,5-10,5-7,4-1,,,,0-1,5-2,,1-3,9-6,6-7,25-28,10-9,2019-20
00,22019,1610612757,Portland,Trail Blazers,West,20-27,8, - x,Northwest,5-8,4,35,39,0.473,0.0,35-39,21-15,14-24,7-3,6-4,4-6,3-0,9-3,17-18,5,W 5,-6,L 6,4,5,1,W 1,3,W 3,3,W 3,18.5,11.5,0,0,1,0,0,28-11,6-28,1-0,24-6,9-33,2-0,35-32,31-39,12-24,29-5,21-4,14-23,115.0,116.1,-1.1,15-12,4-6,4-4,7-2,20-27,5-8,7-10,8-9,8-7,4-8,3-2,,,,1-0,5-2,,3-2,5-10,6-8,25-31,10-8,2019-20
00,22019,1610612753,Orlando,Magic,East,20-23,8, - x,Southeast,9-5,2,33,40,0.452,0.0,33-40,18-17,15-23,5-5,5-5,5-5,1-1,5-5,18-20,-5,L 5,-7,L 7,5,5,1,W 1,-3,L 3,1,W 1,23.0,11.0,0,0,1,0,0,23-9,7-31,3-0,27-3,6-37,0-0,29-19,21-36,7-30,26-4,22-11,22-20,107.3,108.3,-1.0,20-23,6-10,5-8,9-5,13-17,2-8,5-5,6-4,7-8,6-6,3-2,,,,1-0,2-5,,2-2,5-9,7-8,24-31,9-9,2019-20
00,22019,1610612763,Memphis,Grizzlies,West,20-26,9,,Southwest,4-9,3,34,39,0.466,0.0,34-39,20-17,14-22,3-7,6-4,2-8,1-1,3-4,18-21,-7,L 7,-5,L 5,7,6,1,W 1,-5,L 5,1,W 1,19.0,10.5,0,0,0,0,0,28-7,4-32,2-0,29-8,5-31,0-0,33-29,26-39,14-23,34-8,25-15,16-18,112.6,113.7,-1.1,14-13,3-4,4-6,7-3,20-26,8-7,8-10,4-9,11-4,5-6,3-2,,,,0-1,2-5,,1-3,4-10,8-8,28-26,6-13,2019-20
00,22019,1610612764,Washington,Wizards,East,18-27,9, - o,Southeast,5-9,3,25,47,0.347,0.0,25-47,16-20,9-27,2-8,3-7,3-7,0-3,1-4,12-25,-4,L 4,-5,L 5,2,7,-4,L 4,1,W 1,1,W 1,30.5,18.5,0,0,0,1,1,17-9,8-35,0-3,20-5,4-40,1-2,22-43,20-47,8-24,19-6,10-7,17-29,114.4,119.1,-4.7,18-27,8-7,5-11,5-9,7-20,3-7,2-7,2-6,6-9,5-6,3-3,,,,0-1,1-6,,1-3,5-8,4-11,20-33,5-14,2019-20
00,22019,1610612756,Phoenix,Suns,West,19-27,10, - o,Pacific,6-9,3,34,39,0.466,0.0,34-39,17-22,17-17,9-1,6-4,6-4,1-2,4-8,15-18,6,W 6,-5,L 5,8,8,6,W 6,4,W 4,8,W 8,19.0,19.0,0,0,0,1,1,23-9,8-28,3-2,30-4,3-33,1-2,33-31,26-37,17-20,28-12,22-13,20-15,113.6,113.4,0.2,15-12,6-4,3-4,6-4,19-27,6-9,6-9,7-9,7-8,4-9,2-2,,,,1-0,7-0,,3-2,5-8,5-10,22-33,12-6,2019-20
00,22019,1610612766,Charlotte,Hornets,East,16-24,10, - o,Southeast,2-7,4,23,42,0.354,0.0,23-42,10-21,13-21,4-6,3-7,5-5,2-3,9-8,5-25,-7,L 7,-7,L 7,3,8,1,W 1,1,W 1,1,W 1,29.0,17.0,0,0,0,1,1,13-13,10-29,0-0,14-6,7-34,2-2,18-24,14-41,7-24,11-4,12-10,12-17,102.9,109.6,-6.8,16-24,5-9,9-8,2-7,7-18,1-7,4-4,2-7,3-9,5-6,2-4,,,,,,,2-3,6-10,5-10,18-36,5-6,2019-20
00,22019,1610612741,Chicago,Bulls,East,15-28,11, - o,Central,7-9,3,22,43,0.338,0.0,22-43,14-20,8-23,3-7,4-6,1-9,1-2,6-6,7-19,-4,L 4,-8,L 8,2,8,1,W 1,-8,L 8,1,W 1,30.0,30.0,0,0,0,1,1,15-15,7-27,0-1,15-7,5-33,2-3,22-28,17-40,3-22,15-5,13-9,13-27,106.8,109.9,-3.1,15-28,1-12,7-9,7-7,7-15,1-6,2-5,4-4,6-11,1-8,2-3,,,,,,,1-4,5-10,7-7,19-36,3-7,2019-20
00,22019,1610612759,San Antonio,Spurs,West,20-23,11, - o,Southwest,7-6,4,32,39,0.451,0.0,32-39,19-15,13-24,6-4,7-3,5-5,4-2,10-7,10-12,-5,L 5,-6,L 6,3,8,2,W 2,-1,L 1,-1,L 1,20.0,11.5,0,0,0,1,1,19-10,11-28,2-1,26-11,6-27,0-1,32-34,30-39,16-24,26-11,20-14,17-20,114.1,115.2,-1.1,12-16,5-5,2-6,5-5,20-23,6-9,7-8,7-6,7-8,4-7,2-3,,,,1-0,4-3,,3-1,4-12,7-5,23-31,9-8,2019-20
00,22019,1610612758,Sacramento,Kings,West,23-23,12, - o,Pacific,8-5,4,31,41,0.431,0.0,31-41,16-19,15-22,4-6,6-4,5-5,2-4,6-8,12-18,6,W 6,-4,L 4,3,8,1,W 1,1,W 1,2,W 2,21.5,21.5,0,0,0,1,1,23-10,6-30,2-1,24-8,6-32,1-1,29-34,21-39,11-24,24-13,15-15,21-16,110.1,112.1,-2.0,8-18,2-8,2-5,4-5,23-23,7-9,8-5,8-9,6-8,7-4,3-2,,,,0-1,3-4,,0-5,8-5,4-12,21-33,10-8,2019-20
00,22019,1610612752,New York,Knicks,East,15-28,12, - o,Atlantic,2-11,5,21,45,0.318,0.0,21-45,11-22,10-23,4-6,5-5,4-6,3-1,7-6,8-21,-6,L 6,-5,L 5,4,10,1,W 1,1,W 1,1,W 1,31.5,29.0,0,0,0,1,1,16-11,5-32,0-2,14-5,5-38,2-2,17-29,13-42,6-25,14-13,17-18,11-18,105.8,112.3,-6.5,15-28,2-11,8-8,5-9,6-17,1-6,2-6,3-5,4-12,5-6,3-3,,,,,,,1-4,3-11,5-9,17-38,4-7,2019-20
00,22019,1610612740,New Orleans,Pelicans,West,18-30,13, - o,Southwest,4-9,5,30,42,0.417,0.0,30-42,15-21,15-21,4-6,5-5,4-6,2-4,2-6,18-15,-7,L 7,-6,L 6,4,13,-1,L 1,-4,L 4,-3,L 3,22.5,14.0,0,0,0,1,1,21-6,7-35,2-1,24-11,5-31,1-0,30-39,26-42,12-26,25-12,25-15,7-15,115.8,117.1,-1.3,12-12,2-6,7-3,3-3,18-30,9-9,5-12,4-9,9-6,6-4,2-3,,,,0-1,2-5,,1-4,5-9,5-10,23-32,7-10,2019-20
00,22019,1610612765,Detroit,Pistons,East,12-31,13, - o,Central,5-10,4,20,46,0.303,0.0,20-46,11-22,9-24,1-9,2-8,1-9,1-4,4-6,9-26,-5,L 5,-9,L 9,2,7,-5,L 5,-3,L 3,-5,L 5,32.5,32.5,0,0,0,1,1,12-10,8-35,0-1,17-3,3-39,0-4,19-32,16-42,5-22,14-9,15-18,8-15,107.2,110.8,-3.6,12-31,3-11,5-10,4-10,8-15,1-7,4-3,3-5,5-11,3-8,0-5,,,,,,,2-3,4-10,6-9,19-38,1-8,2019-20
00,22019,1610612750,Minnesota,Timberwolves,West,9-30,14, - o,Northwest,2-10,5,19,45,0.297,0.0,19-45,8-24,11-21,3-7,2-8,2-8,4-3,3-4,10-21,-9,L 9,-9,L 9,3,13,-2,L 2,-1,L 1,-3,L 3,29.5,22.5,0,0,0,1,1,13-11,6-33,0-1,12-6,7-39,0-0,18-37,17-44,8-27,14-3,14-11,11-22,113.3,117.5,-4.3,10-15,2-4,3-6,5-5,9-30,2-10,4-8,3-12,3-12,2-9,2-4,,,,,,,3-1,7-7,2-12,16-37,3-8,2019-20
00,22019,1610612737,Atlanta,Hawks,East,11-32,14, - o,Southeast,6-7,5,20,47,0.299,0.0,20-47,14-20,6-27,4-6,6-4,1-9,2-4,1-5,8-29,-5,L 5,-7,L 7,2,10,-1,L 1,-6,L 6,-1,L 1,33.0,21.0,0,0,0,1,1,12-12,8-34,0-1,15-8,5-37,0-2,20-39,16-47,9-29,17-8,15-7,5-17,111.8,119.7,-8.0,11-32,3-13,2-12,6-7,9-15,3-5,3-5,3-5,6-9,6-7,1-4,,,,,,,2-3,2-13,3-11,15-41,5-6,2019-20
00,22019,1610612739,Cleveland,Cavaliers,East,12-32,15, - o,Central,4-10,5,19,46,0.292,0.0,19-46,11-25,8-21,4-6,5-5,2-8,4-1,5-5,6-28,-12,L 12,-6,L 6,3,8,2,W 2,-3,L 3,-1,L 1,33.0,33.0,0,0,0,1,1,14-7,5-39,0-0,12-5,6-39,1-2,18-33,14-43,4-28,15-8,16-18,5-9,106.9,114.8,-7.9,12-32,2-14,4-10,6-8,7-14,4-4,0-4,3-6,3-13,4-7,2-3,,,,,,,2-2,3-12,5-9,14-40,5-6,2019-20
00,22019,1610612744,Golden State,Warriors,West,9-34,15, - o,Pacific,2-11,5,15,50,0.231,0.0,15-50,8-26,7-24,3-7,1-9,4-6,0-5,1-3,8-30,-10,L 10,-10,L 10,4,10,-1,L 1,2,W 2,-1,L 1,34.0,34.0,0,0,0,1,1,8-11,7-38,0-1,11-6,4-42,0-2,15-33,9-48,4-27,13-5,9-14,6-29,106.3,115.0,-8.7,6-16,1-6,3-3,2-7,9-34,3-12,2-11,4-11,1-13,3-8,2-3,,,,,,,1-3,3-13,5-10,12-43,3-7,2019-20
00,22020,1610612748,Miami,Heat,East,24-18,0, - x,Southeast,6-6,0,40,32,0.556,0.0,40-32,21-15,19-17,8-2,7-3,6-4,0-4,4-5,17-17,5,W 5,6,W 6,6,6,2,W 2,1,W 1,1,W 1,9.0,1.0,0,0,1,0,0,28-9,11-22,1-1,35-7,4-23,1-2,36-23,22-28,14-20,34-9,24-7,27-15,108.1,108.0,0.0,24-18,9-6,9-6,6-6,16-14,5-5,5-5,6-4,5-10,10-5,7-7,9-6,7-2,,,,,,,2-2,18-18,22-14,2020-21
00,22020,1610612746,LA,Clippers,West,27-15,0, - x,Pacific,9-3,0,47,25,0.653,0.0,47-25,26-10,21-15,4-6,8-2,5-5,0-0,3-4,31-7,7,W 7,4,W 4,7,3,-1,L 1,-2,L 2,-2,L 2,5.0,4.0,0,0,1,0,0,37-8,10-17,0-0,41-7,4-17,2-1,46-18,34-25,22-16,37-8,34-7,22-11,114.0,107.8,6.2,20-10,4-6,9-1,7-3,27-15,10-5,9-3,8-7,12-4,8-7,8-5,11-4,4-4,,,,,,,4-1,24-14,23-11,2020-21
00,22020,1610612742,Dallas,Mavericks,West,21-21,0, - sw,Southwest,7-5,0,42,30,0.583,0.0,42-30,21-15,21-15,7-3,8-2,6-4,1-0,5-4,26-17,-6,L 6,4,W 4,5,6,4,W 4,-2,L 2,-1,L 1,10.0,0.0,0,1,1,0,0,34-5,8-22,0-3,35-5,6-25,1-0,39-22,28-30,25-15,36-3,26-4,24-17,112.4,110.2,2.3,21-9,6-4,6-4,9-1,21-21,8-7,6-9,7-5,7-9,8-4,9-5,10-6,7-3,,,,,,,1-3,18-16,24-14,2020-21
00,22020,1610612739,Cleveland,Cavaliers,East,16-26,0, - o,Central,4-8,0,22,50,0.306,0.0,22-50,13-23,9-27,1-9,2-8,2-8,3-1,4-2,11-37,-7,L 7,-9,L 9,4,11,1,W 1,-8,L 8,-2,L 2,27.0,24.0,0,0,0,1,1,18-8,4-42,0-0,16-6,4-43,2-1,20-26,13-49,10-28,20-4,13-15,11-20,103.8,112.3,-8.4,16-26,8-7,4-8,4-11,6-24,2-8,0-10,4-6,6-9,4-10,4-9,4-12,1-8,,,,,,,3-2,14-22,8-28,2020-21
00,22020,1610612750,Minnesota,Timberwolves,West,15-27,0, - o,Northwest,5-7,0,23,49,0.319,0.0,23-49,13-23,10-26,5-5,4-6,5-5,0-5,4-6,9-25,-7,L 7,-9,L 9,4,9,1,W 1,2,W 2,1,W 1,29.0,29.0,0,0,0,1,1,9-7,11-41,3-1,13-11,9-38,1-0,22-39,20-47,11-27,11-7,13-12,14-25,112.1,117.7,-5.6,8-22,2-8,4-6,2-8,15-27,5-7,4-11,6-9,3-12,2-14,5-8,8-8,3-5,,,,,,,2-2,7-29,16-20,2020-21
00,22020,1610612758,Sacramento,Kings,West,18-24,0, - o,Pacific,5-7,0,31,41,0.431,0.0,31-41,16-20,15-21,6-4,4-6,5-5,1-0,10-5,12-22,-6,L 6,-5,L 5,5,9,-1,L 1,-2,L 2,-3,L 3,21.0,20.0,0,0,0,1,1,24-10,5-28,2-3,21-7,9-33,1-1,31-36,24-41,17-23,24-8,12-8,13-20,113.7,117.4,-3.7,13-17,4-6,6-4,3-7,18-24,7-8,5-7,6-9,5-9,5-10,9-5,4-11,5-4,,,,,,,3-2,14-22,17-19,2020-21
00,22020,1610612747,Los Angeles,Lakers,West,25-17,0, - x,Pacific,4-8,0,42,30,0.583,0.0,42-30,21-15,21-15,6-4,5-5,4-6,5-1,7-5,22-13,5,W 5,10,W 10,7,4,4,W 4,2,W 2,5,W 5,10.0,9.0,0,0,1,0,0,31-7,11-22,0-1,31-5,10-24,1-1,38-18,23-28,20-21,32-7,28-11,20-10,109.5,106.8,2.8,17-13,4-6,8-2,5-5,25-17,10-5,4-8,11-4,12-4,9-5,6-7,6-9,6-3,,,,,,,3-2,24-13,18-17,2020-21
00,22020,1610612740,New Orleans,Pelicans,West,18-24,0, - o,Southwest,6-6,0,31,41,0.431,0.0,31-41,18-18,13-23,4-6,4-6,4-6,2-4,3-10,13-21,3,W 3,-4,L 4,4,5,-1,L 1,-3,L 3,-4,L 4,21.0,11.0,0,0,0,1,1,19-11,9-29,3-1,24-9,6-30,1-2,30-35,25-41,17-27,27-14,28-28,11-10,114.6,114.9,-0.3,13-17,5-5,5-5,3-7,18-24,5-10,7-8,6-6,4-9,7-8,7-6,7-10,3-6,,,,,,,3-2,15-21,16-20,2020-21
00,22020,1610612757,Portland,Trail Blazers,West,23-19,0, - x,Northwest,6-6,0,42,30,0.583,0.0,42-30,20-16,22-14,8-2,4-6,7-3,1-0,10-9,19-12,-6,L 6,4,W 4,6,5,4,W 4,-1,L 1,1,W 1,10.0,10.0,0,0,1,0,0,27-8,12-20,3-2,30-4,10-25,2-1,42-25,36-30,14-22,27-4,28-8,28-17,116.1,114.3,1.8,19-11,7-3,6-4,6-4,23-19,6-6,7-8,10-5,8-6,8-6,11-4,6-10,7-2,,,,,,,2-2,21-14,21-16,2020-21
00,22020,1610612744,Golden State,Warriors,West,25-17,0,,Pacific,5-7,0,39,33,0.542,0.0,39-33,25-11,14-22,8-2,9-1,5-5,1-0,6-4,25-18,6,W 6,-5,L 5,6,4,6,W 6,-1,L 1,6,W 6,13.0,12.0,0,0,0,0,0,25-8,12-24,2-1,33-8,6-23,0-2,39-23,29-33,15-20,34-9,19-3,22-12,113.7,112.7,1.1,14-16,3-7,8-2,3-7,25-17,10-5,5-7,10-5,9-7,8-7,4-8,8-8,8-1,,,,,,,2-2,19-18,20-15,2020-21
00,22020,1610612743,Denver,Nuggets,West,26-16,0, - x,Northwest,9-3,0,47,25,0.653,0.0,47-25,25-11,22-14,6-4,8-2,6-4,4-2,6-4,29-11,7,W 7,6,W 6,8,3,-1,L 1,-1,L 1,-1,L 1,5.0,5.0,0,0,1,0,0,37-10,9-15,1-0,34-5,12-18,1-2,46-20,33-24,23-15,39-6,36-9,26-13,115.1,110.1,4.9,21-9,5-5,9-1,7-3,26-16,9-3,6-9,11-4,11-5,6-7,11-3,13-3,5-4,,,,,,,1-3,21-15,26-10,2020-21
00,22020,1610612756,Phoenix,Suns,West,30-12,0, - p,Pacific,7-5,0,51,21,0.708,0.0,51-21,27-9,24-12,7-3,9-1,5-5,4-3,9-3,23-8,10,W 10,7,W 7,7,3,4,W 4,2,W 2,3,W 3,1.0,0.0,0,1,1,0,0,38-9,8-11,5-1,41-7,9-14,1-0,51-18,37-20,27-12,38-7,32-8,27-7,115.3,109.5,5.8,21-9,7-3,8-2,6-4,30-12,11-4,7-5,12-3,6-7,12-3,11-3,12-4,6-3,,,,,,,4-1,24-11,27-10,2020-21
00,22020,1610612761,Toronto,Raptors,East,17-25,0, - o,Atlantic,4-8,0,27,45,0.375,0.0,27-45,16-20,11-25,1-9,5-5,2-8,0-1,3-6,17-19,5,W 5,-9,L 9,4,9,-5,L 5,-3,L 3,-7,L 7,22.0,22.0,0,0,0,1,1,17-12,7-33,3-0,23-6,4-37,0-2,26-38,20-45,14-27,22-11,16-7,16-32,111.3,111.7,-0.5,17-25,4-8,5-10,8-7,10-20,3-7,3-7,4-6,7-9,9-5,1-13,8-7,1-8,,,,,,,1-3,17-19,10-26,2020-21
00,22020,1610612738,Boston,Celtics,East,20-22,0, - x,Atlantic,4-8,0,36,36,0.5,0.0,36-36,21-15,15-21,4-6,5-5,5-5,2-2,7-5,17-12,5,W 5,-7,L 7,6,4,-3,L 3,-1,L 1,-1,L 1,13.0,13.0,0,0,1,0,0,26-8,9-27,1-1,27-7,7-28,2-1,35-24,27-33,18-18,27-9,28-9,14-18,112.6,111.2,1.5,20-22,4-8,7-8,9-6,16-14,6-4,6-4,4-6,7-6,7-9,6-8,11-5,2-6,,,,,,,3-2,19-17,17-19,2020-21
00,22020,1610612745,Houston,Rockets,West,11-31,0, - o,Southwest,5-7,0,17,55,0.236,0.0,17-55,9-27,8-28,2-8,2-8,1-9,0-1,3-4,8-37,-11,L 11,-10,L 10,6,20,1,W 1,-7,L 7,-1,L 1,35.0,25.0,0,0,0,1,1,14-8,2-46,1-1,15-7,2-48,0-0,17-38,12-55,10-28,16-12,12-7,8-24,108.8,116.7,-7.9,6-24,1-9,2-8,3-7,11-31,3-12,3-12,5-7,8-7,2-12,2-13,3-13,1-8,,,,,,,1-2,11-23,6-32,2020-21
00,22020,1610612763,Memphis,Grizzlies,West,19-23,0, - x,Southwest,6-6,0,38,34,0.528,0.0,38-34,18-18,20-16,6-4,6-4,4-6,2-2,3-7,23-21,-5,L 5,5,W 5,7,4,4,W 4,-1,L 1,-1,L 1,14.0,4.0,0,0,1,0,0,27-11,9-23,2-0,34-11,4-22,0-1,36-25,29-32,19-25,31-5,27-12,21-17,113.3,112.3,1.0,19-11,6-4,5-5,8-2,19-23,7-8,6-9,6-6,7-3,7-9,7-8,10-7,6-4,,,,,,,1-3,16-16,22-18,2020-21
00,22020,1610612760,Oklahoma City,Thunder,West,12-30,0, - o,Northwest,3-9,0,22,50,0.306,0.0,22-50,10-26,12-24,1-9,1-9,1-9,1-2,7-5,5-36,-11,L 11,-8,L 8,3,14,1,W 1,-4,L 4,1,W 1,30.0,30.0,0,0,0,1,1,13-10,8-39,1-1,15-5,5-45,2-0,22-28,17-47,14-30,17-5,13-16,8-13,105.0,115.6,-10.6,10-20,4-6,3-7,3-7,12-30,3-9,2-13,7-8,7-7,6-10,6-7,1-15,1-8,,,,,,,1-3,15-21,7-29,2020-21
00,22020,1610612755,Philadelphia,76ers,East,31-11,0, - e,Atlantic,10-2,0,49,23,0.681,0.0,49-23,29-7,20-16,8-2,8-2,5-5,4-2,7-3,27-12,7,W 7,6,W 6,8,4,7,W 7,-2,L 2,2,W 2,0.0,0.0,1,1,1,0,0,37-4,11-14,1-5,39-3,8-19,2-1,48-15,33-23,24-15,40-7,36-8,29-10,113.6,108.1,5.6,31-11,10-2,8-7,13-2,18-12,5-5,6-4,7-3,11-5,7-6,10-3,10-6,7-2,,,,,,,4-1,24-12,25-11,2020-21
00,22020,1610612751,Brooklyn,Nets,East,26-16,0, - x,Atlantic,8-4,0,48,24,0.667,0.0,48-24,28-8,20-16,6-4,8-2,5-5,2-2,3-5,24-11,9,W 9,8,W 8,8,4,3,W 3,2,W 2,5,W 5,1.0,1.0,0,0,1,0,0,33-6,13-18,2-0,37-3,9-20,2-1,47-21,37-24,25-12,40-6,33-8,22-7,118.6,114.1,4.5,26-16,8-4,9-6,9-6,22-8,7-3,9-1,6-4,10-7,9-4,11-2,10-6,5-3,,,,,,,3-2,24-13,24-11,2020-21
00,22020,1610612741,Chicago,Bulls,East,21-21,0, - o,Central,7-5,0,31,41,0.431,0.0,31-41,15-21,16-20,5-5,5-5,4-6,2-2,3-5,16-20,-4,L 4,-4,L 4,3,6,2,W 2,-1,L 1,1,W 1,18.0,15.0,0,0,0,1,1,24-8,7-31,0-2,28-6,3-33,0-2,31-28,21-41,8-29,27-11,22-18,9-13,110.7,111.6,-0.9,21-21,7-8,7-5,7-8,10-20,3-7,1-9,6-4,5-8,8-6,4-10,7-10,5-4,,,,,,,2-3,16-18,15-23,2020-21
00,22020,1610612764,Washington,Wizards,East,16-26,0, - x,Southeast,3-9,0,34,38,0.472,0.0,34-38,19-17,15-21,6-4,9-1,6-4,4-1,11-8,14-20,5,W 5,-7,L 7,8,5,4,W 4,-2,L 2,2,W 2,15.0,7.0,0,0,1,0,0,26-6,8-30,0-2,22-7,10-30,2-1,34-32,31-38,14-24,24-9,20-11,18-13,116.6,118.5,-1.8,16-26,4-11,9-6,3-9,18-12,9-1,7-3,2-8,4-7,9-7,4-10,12-5,5-4,,,,,,,0-5,14-20,20-18,2020-21
00,22020,1610612754,Indiana,Pacers,East,20-22,0,,Central,7-5,0,34,38,0.472,0.0,34-38,13-23,21-15,5-5,4-6,7-3,5-2,5-4,15-17,-6,L 6,4,W 4,3,4,-2,L 2,2,W 2,1,W 1,15.0,12.0,0,0,0,0,0,25-8,8-29,1-1,29-7,4-29,1-2,34-30,27-37,15-21,29-5,17-5,20-20,115.3,115.3,0.0,20-22,5-10,7-5,8-7,14-16,5-5,2-8,7-3,7-8,4-8,6-8,8-8,5-5,,,,,,,4-1,16-19,18-19,2020-21
00,22020,1610612737,Atlanta,Hawks,East,24-18,0, - se,Southeast,9-3,0,41,31,0.569,0.0,41-31,25-11,16-20,7-3,10-0,4-6,2-2,3-3,25-15,11,W 11,5,W 5,8,4,11,W 11,-5,L 5,4,W 4,8.0,0.0,0,1,1,0,0,30-8,10-21,1-2,32-9,9-20,0-2,39-23,28-30,14-20,31-3,31-13,15-15,113.7,111.4,2.3,24-18,7-8,8-7,9-3,17-13,5-5,6-4,6-4,7-8,4-11,9-4,11-6,7-1,,,,,,,3-1,16-20,25-11,2020-21
00,22020,1610612753,Orlando,Magic,East,13-29,0, - o,Southeast,4-8,0,21,51,0.292,0.0,21-51,11-25,10-26,2-8,1-9,2-8,1-1,3-5,6-35,-9,L 9,-7,L 7,4,9,-2,L 2,-5,L 5,-7,L 7,28.0,20.0,0,0,0,1,1,16-10,4-41,1-0,13-5,8-44,0-2,20-23,15-47,10-30,14-3,14-16,10-21,104.0,113.3,-9.3,13-29,2-13,7-8,4-8,8-22,2-8,4-6,2-8,4-12,5-8,3-10,3-13,2-7,,,,,,,4-1,13-23,8-28,2020-21
00,22020,1610612752,New York,Knicks,East,25-17,0, - x,Atlantic,4-8,0,41,31,0.569,0.0,41-31,25-11,16-20,7-3,9-1,5-5,4-2,2-9,24-15,7,W 7,4,W 4,9,5,4,W 4,-1,L 1,3,W 3,8.0,8.0,0,0,1,0,0,34-12,7-17,0-2,34-6,5-22,2-3,37-15,21-27,18-19,35-7,28-7,23-8,107.0,104.7,2.3,25-17,4-8,11-4,10-5,16-14,4-6,4-6,8-2,7-9,9-5,6-7,11-4,6-3,,,,,,,2-3,19-18,22-13,2020-21
00,22020,1610612759,San Antonio,Spurs,West,17-25,0,,Southwest,6-6,0,33,39,0.458,0.0,33-39,14-22,19-17,2-8,2-8,3-7,2-5,7-8,18-20,-5,L 5,4,W 4,3,5,-2,L 2,-3,L 3,-4,L 4,19.0,9.0,0,0,0,0,0,28-9,5-29,0-1,24-7,7-31,2-1,33-26,24-36,13-29,23-11,16-6,23-22,111.1,112.8,-1.7,16-14,3-7,7-3,6-4,17-25,5-10,6-9,6-6,9-7,6-3,7-9,7-10,2-8,,,,,,,2-2,18-14,15-25,2020-21
00,22020,1610612765,Detroit,Pistons,East,12-30,0, - o,Central,1-11,0,20,52,0.278,0.0,20-52,13-23,7-29,1-9,3-7,1-9,1-3,1-8,14-31,-4,L 4,-8,L 8,2,5,-4,L 4,-8,L 8,-5,L 5,29.0,26.0,0,0,0,1,1,16-10,3-41,1-1,19-8,1-43,0-1,19-34,14-51,9-29,15-11,14-13,12-16,106.6,111.1,-4.5,12-30,7-8,1-11,4-11,8-22,2-8,3-7,3-7,5-11,4-10,4-9,6-10,1-8,,,,,,,0-4,10-26,10-26,2020-21
00,22020,1610612766,Charlotte,Hornets,East,20-22,0,,Southeast,8-4,0,33,39,0.458,0.0,33-39,18-18,15-21,3-7,4-6,3-7,1-2,9-4,14-24,5,W 5,-4,L 4,4,5,-3,L 3,-2,L 2,-5,L 5,16.0,8.0,0,0,0,0,0,23-6,10-30,0-3,27-3,4-35,2-1,33-27,23-39,14-27,22-7,21-9,16-17,109.5,111.4,-1.9,20-22,4-11,8-7,8-4,13-17,4-6,4-6,5-5,7-9,7-6,8-5,6-10,3-7,,,,,,,2-2,17-18,16-21,2020-21
00,22020,1610612762,Utah,Jazz,West,28-14,0, - w,Northwest,7-5,0,52,20,0.722,0.0,52-20,31-5,21-15,7-3,7-3,5-5,0-3,3-2,39-7,24,W 24,4,W 4,11,2,-1,L 1,2,W 2,2,W 2,0.0,0.0,1,1,1,0,0,41-4,10-16,1-0,45-2,6-18,1-0,51-16,31-20,21-13,43-1,44-9,11-6,116.4,107.2,9.3,24-6,7-3,10-0,7-3,28-14,7-5,8-7,13-2,13-3,12-2,9-4,9-7,7-2,,,,,,,2-2,27-9,25-11,2020-21
00,22020,1610612749,Milwaukee,Bucks,East,30-12,0, - c,Central,11-1,0,46,26,0.639,0.0,46-26,26-10,20-16,8-2,8-2,6-4,1-1,6-5,29-12,8,W 8,4,W 4,8,5,8,W 8,-1,L 1,-1,L 1,3.0,0.0,0,1,1,0,0,41-5,4-20,1-1,39-6,4-19,3-1,45-23,35-26,22-14,43-7,38-9,15-11,120.1,114.2,5.9,30-12,8-7,11-1,11-4,16-14,6-4,5-5,5-5,9-5,10-5,9-4,9-7,7-2,,,,,,,2-3,22-14,24-12,2020-21
00,22021,1610612748,Miami,Heat,East,35-17,1, - e,Southeast,13-3,1,53,29,0.646,0.0,53-29,29-12,24-17,6-4,6-4,7-3,1-3,3-6,31-15,7,W 7,6,W 6,6,4,3,W 3,-1,L 1,-1,L 1,0.0,0.0,1,1,1,0,0,41-11,11-17,1-1,46-5,7-23,0-1,51-17,30-28,28-20,49-6,36-8,25-9,110.0,105.6,4.5,35-17,10-8,12-6,13-3,18-12,6-4,4-6,8-2,9-6,9-2,8-7,4-1,,,,,,5-1,8-7,10-5,38-21,15-8,2021-22
00,22021,1610612756,Phoenix,Suns,West,39-13,1, - w,Pacific,10-6,1,64,18,0.78,0.0,64-18,32-9,32-9,6-4,6-4,7-3,2-0,6-2,37-9,15,W 15,8,W 8,18,2,-1,L 1,1,W 1,-1,L 1,0.0,0.0,1,1,1,0,0,49-6,15-12,0-0,47-0,17-17,0-1,61-14,42-18,32-10,57-5,41-2,34-13,114.8,107.3,7.5,25-5,8-2,9-1,8-2,39-13,14-4,10-6,15-3,13-1,9-3,13-2,2-4,,,,,,2-3,16-0,9-5,48-10,16-8,2021-22
00,22021,1610612738,Boston,Celtics,East,33-19,2, - a,Atlantic,9-7,1,51,31,0.622,0.0,51-31,28-13,23-18,7-3,8-2,7-3,4-3,3-9,35-9,5,W 5,7,W 7,9,3,2,W 2,1,W 1,1,W 1,2.0,0.0,0,1,1,0,0,41-9,10-22,0-0,45-7,6-23,0-1,46-20,26-26,27-21,47-7,39-11,26-13,111.8,104.5,7.3,33-19,9-7,12-6,12-6,18-12,7-3,5-5,6-4,10-6,9-2,11-3,4-1,,,,,,2-4,9-6,6-9,34-26,17-5,2021-22
00,22021,1610612763,Memphis,Grizzlies,West,36-16,2, - sw,Southwest,11-5,1,56,26,0.683,0.0,56-26,30-11,26-15,7-3,9-1,5-5,2-2,5-3,33-17,10,W 10,6,W 6,11,3,-1,L 1,-2,L 2,-1,L 1,8.0,0.0,0,1,1,0,0,50-9,6-16,0-1,47-3,9-21,0-2,54-18,43-26,24-14,45-0,52-11,34-17,115.6,109.9,5.7,20-10,6-4,9-1,5-5,36-16,10-8,15-3,11-5,12-4,8-2,11-3,2-3,,,,,,3-3,8-7,12-4,41-19,15-7,2021-22
00,22021,1610612749,Milwaukee,Bucks,East,33-19,3, - c,Central,12-4,1,51,31,0.622,0.0,51-31,27-14,24-17,6-4,7-3,6-4,1-2,4-2,31-15,9,W 9,4,W 4,8,3,1,W 1,-1,L 1,-1,L 1,2.0,0.0,0,1,1,0,0,43-11,8-20,0-0,42-1,8-29,1-1,49-21,40-30,25-21,44-3,42-8,22-13,115.5,112.1,3.4,33-19,10-8,12-4,11-7,18-12,5-5,7-3,6-4,7-8,6-4,11-3,3-3,,,,,,3-4,10-4,11-5,36-24,15-7,2021-22
00,22021,1610612744,Golden State,Warriors,West,33-19,3, - x,Pacific,12-4,2,53,29,0.646,0.0,53-29,31-10,22-19,6-4,5-5,5-5,0-2,6-5,34-10,11,W 11,4,W 4,9,5,2,W 2,3,W 3,5,W 5,11.0,11.0,0,0,1,0,0,36-7,16-21,1-1,44-9,7-19,2-1,51-18,29-26,27-17,46-11,38-10,25-9,111.0,105.5,5.5,20-10,6-4,8-2,6-4,33-19,12-6,12-4,9-9,11-6,5-5,5-11,5-0,,,,,,5-1,13-2,9-4,42-17,11-12,2021-22
00,22021,1610612755,Philadelphia,76ers,East,32-20,4, - x,Atlantic,6-10,2,51,31,0.622,0.0,51-31,24-17,27-14,6-4,6-4,6-4,3-1,6-6,28-11,4,W 4,7,W 7,7,5,3,W 3,-1,L 1,2,W 2,2.0,0.0,0,0,1,0,0,37-11,13-19,1-1,41-8,9-23,1-0,50-15,34-27,28-23,42-6,25-6,27-18,109.9,107.3,2.6,32-20,6-10,14-4,12-6,19-11,5-5,6-4,8-2,12-3,6-4,9-7,5-1,,,,,,4-2,7-8,8-6,35-23,16-8,2021-22
00,22021,1610612742,Dallas,Mavericks,West,36-16,4, - x,Southwest,14-2,2,52,30,0.634,0.0,52-30,29-12,23-18,8-2,9-1,6-4,1-2,7-5,27-14,6,W 6,5,W 5,6,3,6,W 6,2,W 2,4,W 4,12.0,4.0,0,0,1,0,0,34-9,17-20,1-1,45-6,6-22,1-2,49-14,29-26,24-20,41-0,31-5,27-14,108.0,104.7,3.3,16-14,6-4,6-4,4-6,36-16,12-6,10-8,14-2,12-4,7-3,12-4,4-1,,,,,,4-2,6-7,7-9,35-24,17-6,2021-22
00,22021,1610612762,Utah,Jazz,West,33-19,5, - nw,Northwest,15-1,1,49,33,0.598,0.0,49-33,29-12,20-21,4-6,8-2,2-8,2-0,1-6,34-10,9,W 9,10,W 10,8,5,-1,L 1,1,W 1,1,W 1,15.0,0.0,0,1,1,0,0,39-13,9-20,1-0,45-13,2-20,2-0,49-25,35-31,24-20,43-8,42-15,13-7,113.6,107.6,6.0,16-14,7-3,4-6,5-5,33-19,15-1,9-9,9-9,4-12,8-1,8-9,3-2,,,,,,5-1,9-6,12-2,36-22,13-11,2021-22
00,22021,1610612761,Toronto,Raptors,East,30-22,5, - x,Atlantic,10-6,3,48,34,0.585,0.0,48-34,24-17,24-17,8-2,7-3,7-3,3-2,7-6,25-14,5,W 5,6,W 6,8,3,3,W 3,-1,L 1,-1,L 1,5.0,3.0,0,0,1,0,0,33-9,15-25,0-0,38-6,9-27,1-1,44-17,35-31,29-19,28-5,31-10,37-21,109.4,107.1,2.3,30-22,10-6,8-10,12-6,18-12,5-5,7-3,6-4,10-6,8-4,11-5,4-2,,,,,,4-3,5-10,6-4,32-25,16-9,2021-22
00,22021,1610612741,Chicago,Bulls,East,29-23,6, - x,Central,10-6,2,46,36,0.561,0.0,46-36,27-14,19-22,4-6,4-6,4-6,1-1,4-4,23-20,9,W 9,-5,L 5,9,5,-4,L 4,2,W 2,1,W 1,7.0,5.0,0,0,1,0,0,35-5,11-31,0-0,36-5,9-31,1-0,43-24,33-35,23-26,37-8,27-6,23-17,111.6,112.0,-0.4,29-23,8-10,10-6,11-7,17-13,8-2,5-5,4-6,8-8,8-5,6-9,1-4,,,,,,5-1,9-7,9-2,38-21,8-15,2021-22
00,22021,1610612743,Denver,Nuggets,West,29-23,6, - x,Northwest,6-10,2,48,34,0.585,0.0,48-34,23-18,25-16,6-4,3-7,9-1,3-2,8-3,23-20,6,W 6,7,W 7,6,6,-1,L 1,3,W 3,-1,L 1,16.0,1.0,0,0,1,0,0,36-12,9-21,3-1,39-10,6-23,3-1,44-25,34-32,21-23,35-10,31-14,18-6,112.7,110.4,2.3,19-11,6-4,5-5,8-2,29-23,6-10,13-5,10-8,11-5,8-4,10-6,2-3,,,,,,4-2,6-8,7-6,33-25,15-9,2021-22
00,22021,1610612751,Brooklyn,Nets,East,31-21,7,,Atlantic,10-6,4,44,38,0.537,0.0,44-38,20-21,24-17,6-4,7-3,6-4,2-1,8-4,20-20,-5,L 5,-8,L 8,5,11,3,W 3,1,W 1,4,W 4,9.0,7.0,0,0,0,0,0,29-15,14-23,1-0,34-9,9-28,1-1,43-30,33-38,20-29,40-11,28-14,19-17,112.9,112.1,0.8,31-21,10-6,12-6,9-9,13-17,4-6,3-7,6-4,6-10,3-10,8-7,4-1,,,,,,4-3,11-3,8-4,31-28,13-10,2021-22
00,22021,1610612750,Minnesota,Timberwolves,West,32-20,7,,Northwest,12-4,3,46,36,0.561,0.0,46-36,26-15,20-21,4-6,7-3,6-4,2-1,4-4,28-21,7,W 7,-4,L 4,6,6,-1,L 1,2,W 2,-1,L 1,18.0,3.0,0,0,0,0,0,34-10,12-26,0-0,42-8,4-28,0-0,44-29,34-33,23-24,38-0,24-10,34-20,115.9,113.3,2.6,14-16,4-6,7-3,3-7,32-20,12-4,8-10,12-6,9-6,8-4,10-5,3-2,,,,,,3-2,8-8,5-9,31-28,15-8,2021-22
00,22021,1610612746,LA,Clippers,West,26-26,8,,Pacific,9-7,3,42,40,0.512,0.0,42-40,25-16,17-24,6-4,7-3,4-6,0-4,10-5,20-21,5,W 5,-4,L 4,7,5,5,W 5,1,W 1,5,W 5,22.0,22.0,0,0,0,0,0,29-8,13-32,0-0,31-5,11-34,0-1,36-25,25-38,18-25,36-8,21-4,23-15,108.4,108.4,0.0,16-14,4-6,4-6,8-2,26-26,10-8,9-7,7-11,8-9,6-4,5-9,5-0,,,,,,1-4,10-6,7-8,30-31,12-9,2021-22
00,22021,1610612739,Cleveland,Cavaliers,East,27-25,8,,Central,10-6,3,44,38,0.537,0.0,44-38,25-16,19-22,3-7,5-5,2-8,2-0,10-4,22-19,8,W 8,4,W 4,6,5,1,W 1,-2,L 2,1,W 1,9.0,7.0,0,0,0,0,0,30-14,12-23,2-1,33-9,11-29,0-0,35-27,22-34,20-25,37-9,30-14,22-10,107.8,105.7,2.1,27-25,8-10,10-6,9-9,17-13,8-2,4-6,5-5,11-4,5-5,6-10,2-3,,,,,,3-4,8-6,9-6,35-23,9-15,2021-22
00,22021,1610612737,Atlanta,Hawks,East,26-26,9,,Southeast,9-7,2,43,39,0.524,0.0,43-39,27-14,16-25,7-3,9-1,4-6,0-1,7-3,24-18,-10,L 10,-7,L 7,7,6,4,W 4,1,W 1,1,W 1,10.0,10.0,0,0,0,0,0,35-12,7-27,1-0,38-6,5-31,0-2,42-25,36-37,21-28,33-6,25-17,28-15,113.9,112.4,1.6,26-26,6-12,11-7,9-7,17-13,5-5,6-4,6-4,8-7,5-5,11-6,3-2,,,,,,3-3,8-7,5-9,28-30,15-9,2021-22
00,22021,1610612740,New Orleans,Pelicans,West,25-27,9,,Southwest,6-10,3,36,46,0.439,0.0,36-46,19-22,17-24,6-4,5-5,5-5,1-2,4-3,23-30,-6,L 6,-7,L 7,4,9,-1,L 1,-1,L 1,-2,L 2,28.0,20.0,0,0,0,0,0,24-8,11-37,1-1,28-5,6-39,2-2,34-32,20-44,18-32,25-6,28-24,21-19,109.3,110.3,-1.0,11-19,2-8,6-4,3-7,25-27,9-9,10-8,6-10,5-10,7-4,8-7,3-3,,,,,,1-6,5-11,7-5,23-36,13-10,2021-22
00,22021,1610612759,San Antonio,Spurs,West,24-28,10,,Southwest,6-10,4,34,48,0.415,0.0,34-48,16-25,18-23,6-4,4-6,5-5,1-3,6-5,19-24,-3,L 3,5,W 5,4,6,-1,L 1,-2,L 2,-3,L 3,30.0,22.0,0,0,0,0,0,28-9,6-38,0-1,31-7,2-40,1-1,32-38,20-47,14-33,29-9,23-10,18-26,113.2,113.0,0.1,10-20,2-8,3-7,5-5,24-28,11-7,7-11,6-10,5-12,5-6,7-7,3-3,,,,,,2-4,4-9,8-7,23-36,11-12,2021-22
00,22021,1610612766,Charlotte,Hornets,East,27-25,10,,Southeast,8-8,3,43,39,0.524,0.0,43-39,22-19,21-20,6-4,6-4,6-4,0-7,6-8,24-23,-7,L 7,5,W 5,5,6,2,W 2,1,W 1,3,W 3,10.0,10.0,0,0,0,0,0,30-8,12-31,1-0,36-6,6-33,1-0,41-32,32-39,23-28,39-8,21-12,28-23,115.3,114.9,0.4,27-25,8-10,11-7,8-8,16-14,6-4,3-7,7-3,9-6,2-10,10-4,3-2,,,,,,5-2,8-8,6-7,29-31,14-8,2021-22
00,22021,1610612747,Los Angeles,Lakers,West,18-34,11, - o,Pacific,3-13,4,33,49,0.402,0.0,33-49,21-20,12-29,2-8,3-7,3-7,8-2,5-7,13-22,4,W 4,-11,L 11,4,8,1,W 1,1,W 1,2,W 2,31.0,31.0,0,0,0,1,1,17-12,14-35,2-2,18-14,14-35,1-0,31-40,26-49,12-27,26-9,16-12,20-14,112.1,115.1,-3.0,15-15,4-6,5-5,6-4,18-34,8-10,3-13,7-11,6-8,3-6,4-12,2-4,,,,,,4-3,8-8,6-8,27-31,6-18,2021-22
00,22021,1610612752,New York,Knicks,East,22-30,11, - o,Atlantic,5-11,5,37,45,0.451,0.0,37-45,17-24,20-21,7-3,4-6,8-2,1-2,5-6,19-23,5,W 5,-6,L 6,4,7,1,W 1,5,W 5,2,W 2,16.0,14.0,0,0,0,1,1,28-13,7-31,2-1,32-12,5-33,0-0,33-29,15-40,15-27,27-9,30-16,15-15,106.5,106.6,-0.1,22-30,5-11,8-10,9-9,15-15,2-8,6-4,7-3,7-8,1-9,9-7,3-2,,,,,,5-1,6-9,6-9,25-34,12-11,2021-22
00,22021,1610612758,Sacramento,Kings,West,20-32,12, - o,Pacific,6-10,5,30,52,0.366,0.0,30-52,16-25,14-27,5-5,2-8,6-4,2-1,7-8,11-30,-5,L 5,-13,L 13,3,7,-5,L 5,1,W 1,1,W 1,34.0,34.0,0,0,0,1,1,21-15,7-36,2-1,22-7,7-44,1-1,29-35,27-51,13-35,25-9,15-15,11-23,110.3,115.8,-5.5,10-20,1-9,3-7,6-4,20-32,6-12,6-10,8-10,3-12,5-6,5-9,2-3,,,,,,3-3,5-11,7-8,22-38,8-14,2021-22
00,22021,1610612764,Washington,Wizards,East,24-28,12, - o,Southeast,7-9,4,35,47,0.427,0.0,35-47,21-20,14-27,5-5,6-4,2-8,3-1,12-6,11-27,-6,L 6,-8,L 8,5,6,-1,L 1,-2,L 2,-3,L 3,18.0,18.0,0,0,0,1,1,18-11,15-36,2-0,27-6,7-41,1-0,33-30,25-44,18-28,29-12,21-14,9-18,108.6,112.0,-3.4,24-28,8-10,9-9,7-9,11-19,5-5,2-8,4-6,5-9,4-7,6-10,2-4,,,,,,5-1,8-7,5-9,27-31,8-16,2021-22
00,22021,1610612754,Indiana,Pacers,East,11-41,13, - o,Central,2-14,4,25,57,0.305,0.0,25-57,16-25,9-32,0-10,2-8,2-8,4-4,3-14,14-19,-5,L 5,-8,L 8,3,10,-5,L 5,-5,L 5,-10,L 10,28.0,26.0,0,0,0,1,1,21-14,4-39,0-4,18-12,6-42,1-3,24-44,17-53,14-38,19-11,18-20,12-21,111.5,114.9,-3.5,11-41,5-13,2-14,4-14,14-16,4-6,4-6,6-4,5-11,2-9,4-10,0-5,,,,,,1-6,8-8,5-8,20-40,5-17,2021-22
00,22021,1610612757,Portland,Trail Blazers,West,11-41,13, - o,Northwest,1-15,4,27,55,0.329,0.0,27-55,17-24,10-31,0-10,2-8,1-9,0-2,1-5,11-41,10,W 10,-8,L 8,4,11,-6,L 6,-5,L 5,-11,L 11,37.0,22.0,0,0,0,1,1,20-13,7-41,0-1,20-7,6-47,1-1,26-30,20-51,15-32,20-7,19-16,11-17,106.2,115.1,-8.9,16-14,6-4,5-5,5-5,11-41,1-15,5-13,5-13,8-8,4-6,2-13,0-6,,,,,,3-3,8-8,2-11,25-34,2-21,2021-22
00,22021,1610612760,Oklahoma City,Thunder,West,17-35,14, - o,Northwest,6-10,5,24,58,0.293,0.0,24-58,12-29,12-29,4-6,3-7,2-8,4-1,7-6,9-32,-11,L 11,-5,L 5,4,10,2,W 2,-3,L 3,-3,L 3,40.0,25.0,0,0,0,1,1,9-10,14-46,1-2,16-6,8-52,0-0,19-33,15-51,9-36,20-9,16-8,8-25,103.7,111.8,-8.1,7-23,4-6,2-8,1-9,17-35,6-10,5-13,6-12,2-12,4-8,3-12,2-4,,,,,,1-5,5-9,7-8,18-40,6-18,2021-22
00,22021,1610612765,Detroit,Pistons,East,18-34,14, - o,Central,6-10,5,23,59,0.28,0.0,23-59,13-28,10-31,4-6,3-7,4-6,3-1,7-6,6-33,-7,L 7,-10,L 10,3,14,-2,L 2,-1,L 1,-3,L 3,30.0,28.0,0,0,0,1,1,12-17,11-39,0-3,16-10,5-49,2-0,21-37,18-54,11-40,14-6,12-12,13-26,104.8,112.5,-7.7,18-34,5-13,6-10,7-11,5-25,2-8,1-9,2-8,7-9,3-9,6-10,2-3,,,,,,1-5,3-12,1-11,13-45,10-14,2021-22
00,22021,1610612745,Houston,Rockets,West,11-41,15, - o,Southwest,3-13,5,20,62,0.244,0.0,20-62,11-30,9-32,2-8,1-9,2-8,2-1,3-9,9-44,-11,L 11,-11,L 11,7,15,-5,L 5,-2,L 2,-7,L 7,44.0,36.0,0,0,0,1,1,9-15,10-46,1-1,14-9,5-52,1-1,20-46,16-59,8-40,16-12,12-17,7-17,109.7,118.2,-8.5,9-21,1-9,3-7,5-5,11-41,6-12,2-16,3-13,4-10,1-9,5-12,0-5,,,,,,1-5,3-11,6-10,15-43,5-19,2021-22
00,22021,1610612753,Orlando,Magic,East,12-40,15, - o,Southeast,3-13,5,22,60,0.268,0.0,22-60,12-29,10-31,3-7,4-6,2-8,0-4,2-7,6-39,-9,L 9,-10,L 10,2,10,2,W 2,-4,L 4,1,W 1,31.0,31.0,0,0,0,1,1,13-9,9-51,0-0,14-9,8-50,0-1,20-34,13-56,14-37,18-11,12-15,10-17,104.2,112.2,-8.0,12-40,4-14,5-13,3-13,10-20,6-4,1-9,3-7,4-11,4-7,5-10,2-3,,,,,,1-6,3-12,3-11,13-47,9-13,2021-22
00,22022,1610612743,Denver,Nuggets,West,34-18,1, - w,Northwest,10-6,1,53,29,0.646,0.0,53-29,34-7,19-22,5-5,7-3,3-7,3-0,7-6,29-15,16,W 16,-4,L 4,9,4,2,W 2,-4,L 4,1,W 1,0.0,0.0,1,1,1,0,0,33-9,18-20,2-0,41-4,10-24,2-1,51-21,45-29,36-18,48-8,39-9,24-7,115.8,112.5,3.3,19-11,4-6,7-3,8-2,34-18,10-6,13-5,11-7,12-4,9-3,7-7,2-3,,,,,,4-3,10-4,9-5,41-18,12-11,2022-23
00,22022,1610612749,Milwaukee,Bucks,East,35-17,1, - e,Central,11-5,1,58,24,0.707,0.0,58-24,32-9,26-15,6-4,6-4,7-3,3-2,6-1,30-15,11,W 11,9,W 9,16,4,-1,L 1,-1,L 1,-2,L 2,0.0,0.0,1,1,1,0,0,44-7,11-16,3-1,51-3,7-21,0-0,57-18,47-23,28-15,50-2,44-9,15-6,116.9,113.3,3.6,35-17,12-6,11-5,12-6,23-7,9-1,8-2,6-4,11-5,10-0,11-5,3-2,,,,,,6-0,9-5,8-7,41-17,17-7,2022-23
00,22022,1610612763,Memphis,Grizzlies,West,30-22,2, - sw,Southwest,13-3,1,51,31,0.622,0.0,51-31,35-6,16-25,6-4,9-1,4-6,3-1,3-6,31-17,12,W 12,-8,L 8,11,5,2,W 2,-1,L 1,-1,L 1,2.0,0.0,0,1,1,0,0,43-13,8-18,0-0,44-8,7-21,0-2,51-27,43-31,22-18,41-6,36-16,31-14,116.9,113.0,3.9,21-9,5-5,8-2,8-2,30-22,9-9,8-10,13-3,10-5,5-5,12-5,2-3,,,,,,4-3,8-6,10-4,35-22,16-9,2022-23
00,22022,1610612738,Boston,Celtics,East,34-18,2, - a,Atlantic,11-5,1,57,25,0.695,0.0,57-25,32-9,25-16,8-2,8-2,5-5,4-7,5-8,31-11,10,W 10,6,W 6,9,3,7,W 7,-1,L 1,3,W 3,1.0,0.0,0,1,1,0,0,45-9,10-16,2-0,51-7,5-18,1-0,56-19,43-23,33-14,42-4,36-7,25-9,117.9,111.4,6.5,34-18,11-5,11-7,12-6,23-7,7-3,7-3,9-1,10-5,8-3,10-6,3-1,,,,,,4-2,14-2,8-6,42-17,15-8,2022-23
00,22022,1610612755,Philadelphia,76ers,East,34-18,3, - x,Atlantic,10-6,2,54,28,0.659,0.0,54-28,29-12,25-16,5-5,6-4,6-4,4-2,10-5,26-11,11,W 11,8,W 8,8,3,-1,L 1,2,W 2,2,W 2,4.0,3.0,0,0,1,0,0,34-4,19-23,1-1,40-3,9-25,5-0,54-22,40-27,29-18,36-11,31-4,32-13,115.2,110.9,4.3,34-18,10-6,13-5,11-7,20-10,7-3,8-2,5-5,11-3,7-4,12-5,3-2,,,,,,4-4,8-6,9-4,38-19,16-9,2022-23
00,22022,1610612758,Sacramento,Kings,West,32-20,3, - p,Pacific,9-7,1,48,34,0.585,0.0,48-34,23-18,25-16,5-5,4-6,7-3,4-1,9-7,19-13,6,W 6,7,W 7,7,4,-3,L 3,-2,L 2,-3,L 3,5.0,0.0,0,1,1,0,0,30-11,16-22,2-1,38-3,9-27,1-4,48-30,44-34,18-23,32-5,28-10,29-16,120.7,118.1,2.6,16-14,4-6,7-3,5-5,32-20,11-7,9-7,12-6,9-6,8-4,11-5,1-4,,,,,,2-4,9-5,8-6,32-25,16-9,2022-23
00,22022,1610612739,Cleveland,Cavaliers,East,34-18,4, - x,Central,13-3,2,51,31,0.622,0.0,51-31,31-10,20-21,7-3,6-4,7-3,7-0,5-8,33-11,7,W 7,-5,L 5,8,5,-1,L 1,2,W 2,-1,L 1,7.0,7.0,0,0,1,0,0,35-10,16-18,0-3,37-8,14-21,0-2,49-25,28-30,24-18,33-11,32-7,31-22,112.3,106.9,5.4,34-18,8-10,13-3,13-5,17-13,4-6,5-5,8-2,8-8,8-3,9-5,3-1,,,,,,5-1,9-7,9-6,38-23,13-8,2022-23
00,22022,1610612756,Phoenix,Suns,West,30-22,4, - x,Pacific,9-7,2,45,37,0.549,0.0,45-37,28-13,17-24,7-3,7-3,5-5,1-3,4-9,28-17,7,W 7,4,W 4,7,6,-1,L 1,-1,L 1,-2,L 2,8.0,3.0,0,0,1,0,0,36-9,9-28,0-0,41-7,4-30,0-0,45-27,35-35,23-24,36-8,29-14,29-16,113.6,111.6,2.1,15-15,6-4,6-4,3-7,30-22,11-7,9-7,10-8,7-8,6-4,9-6,3-2,,,,,,5-1,10-5,5-11,32-28,13-9,2022-23
00,22022,1610612752,New York,Knicks,East,32-20,5, - x,Atlantic,8-8,3,47,35,0.573,0.0,47-35,23-18,24-17,5-5,7-3,5-5,4-6,10-4,23-13,6,W 6,6,W 6,9,5,-1,L 1,-1,L 1,-2,L 2,11.0,10.0,0,0,1,0,0,37-12,10-22,0-1,38-9,7-23,2-3,46-31,36-35,25-20,36-12,39-16,18-13,116.0,113.1,2.9,32-20,8-8,12-6,12-6,15-15,7-3,4-6,4-6,8-7,9-2,9-6,2-2,,,,,,3-3,7-9,9-6,33-27,14-8,2022-23
00,22022,1610612746,LA,Clippers,West,27-25,5, - x,Pacific,9-7,3,44,38,0.537,0.0,44-38,23-18,21-20,6-4,7-3,5-5,2-3,4-6,20-21,4,W 4,-5,L 5,5,6,3,W 3,1,W 1,3,W 3,9.0,4.0,0,0,1,0,0,24-9,16-28,4-1,33-10,9-26,2-2,41-28,35-38,20-25,32-10,28-8,20-10,113.6,113.1,0.5,17-13,6-4,6-4,5-5,27-25,6-12,9-7,12-6,8-8,4-6,8-6,3-1,,,,,,3-4,10-6,8-7,33-28,11-10,2022-23
00,22022,1610612751,Brooklyn,Nets,East,30-22,6, - x,Atlantic,7-9,4,45,37,0.549,0.0,45-37,23-18,22-19,6-4,4-6,6-4,1-1,10-4,22-17,6,W 6,7,W 7,12,5,-1,L 1,1,W 1,-1,L 1,13.0,12.0,0,0,1,0,0,28-12,17-24,0-1,36-7,8-30,1-0,44-27,36-36,26-24,39-12,16-6,25-16,113.4,112.5,0.9,30-22,7-9,7-11,16-2,15-15,6-4,4-6,5-5,7-7,3-8,8-8,3-2,,,,,,2-5,10-6,12-1,34-24,11-13,2022-23
00,22022,1610612744,Golden State,Warriors,West,30-22,6, - x,Pacific,7-9,4,44,38,0.537,0.0,44-38,33-8,11-30,8-2,9-1,4-6,2-3,4-8,24-16,10,W 10,-11,L 11,5,5,3,W 3,2,W 2,3,W 3,9.0,4.0,0,0,1,0,0,34-12,10-26,0-0,32-6,10-31,2-1,44-35,40-37,21-21,38-8,31-12,13-12,118.9,117.1,1.8,14-16,5-5,4-6,5-5,30-22,10-8,7-9,13-5,7-6,6-6,9-7,3-1,,,,,,3-4,8-7,8-7,29-29,15-9,2022-23
00,22022,1610612747,Los Angeles,Lakers,West,27-25,7,,Pacific,6-10,5,43,39,0.524,0.0,43-39,23-18,20-21,8-2,7-3,7-3,3-4,8-5,19-19,3,W 3,-6,L 6,5,5,2,W 2,-1,L 1,2,W 2,10.0,5.0,0,0,0,0,0,29-10,13-25,1-4,35-5,7-33,1-1,43-36,41-39,18-32,37-11,32-14,15-13,117.2,116.6,0.6,16-14,3-7,5-5,8-2,27-25,9-9,6-10,12-6,9-7,5-5,10-5,4-1,,,,,,1-5,7-7,7-9,27-32,16-7,2022-23
00,22022,1610612748,Miami,Heat,East,24-28,7, - se,Southeast,10-6,1,44,38,0.537,0.0,44-38,27-14,17-24,6-4,8-2,4-6,3-2,14-8,12-13,8,W 8,-7,L 7,4,4,2,W 2,-1,L 1,1,W 1,14.0,0.0,0,1,0,0,0,30-10,13-26,1-2,26-5,15-32,3-1,41-27,32-37,25-24,25-4,26-10,28-23,109.5,109.8,-0.3,24-28,6-12,8-10,10-6,20-10,6-4,7-3,7-3,10-5,4-6,7-8,4-1,,,,,,2-5,8-7,9-6,32-27,12-11,2022-23
00,22022,1610612737,Atlanta,Hawks,East,26-26,8,,Southeast,8-8,2,41,41,0.5,0.0,41-41,24-17,17-24,5-5,6-4,3-7,4-2,10-7,19-15,3,W 3,-5,L 5,5,4,-1,L 1,-1,L 1,-2,L 2,17.0,3.0,0,0,0,0,0,31-12,9-29,1-0,35-9,5-29,1-3,41-39,37-41,21-25,32-7,25-15,26-23,118.4,118.1,0.3,26-26,6-12,12-6,8-8,15-15,4-6,6-4,5-5,8-7,6-5,7-8,3-2,,,,,,4-3,8-7,5-9,29-30,12-11,2022-23
00,22022,1610612750,Minnesota,Timberwolves,West,29-23,8,,Northwest,8-8,2,42,40,0.512,0.0,42-40,22-19,20-21,7-3,3-7,7-3,1-4,6-7,15-16,5,W 5,4,W 4,5,6,1,W 1,2,W 2,3,W 3,11.0,11.0,0,0,0,0,0,28-18,13-21,1-1,32-9,8-30,2-1,41-36,39-39,28-25,36-15,19-12,24-14,115.8,115.8,0.0,13-17,4-6,5-5,4-6,29-23,8-8,10-8,11-7,11-5,5-6,7-7,3-1,,,,,,4-3,7-8,5-10,31-30,11-10,2022-23
00,22022,1610612761,Toronto,Raptors,East,26-26,9,,Atlantic,4-12,5,41,41,0.5,0.0,41-41,27-14,14-27,6-4,9-1,3-7,2-3,4-10,23-16,7,W 7,-6,L 6,4,6,4,W 4,-2,L 2,1,W 1,17.0,16.0,0,0,0,0,0,33-11,6-29,2-1,35-11,5-29,1-1,39-35,33-40,19-25,21-6,30-16,33-30,112.9,111.4,1.5,26-26,4-12,10-8,12-6,15-15,5-5,3-7,7-3,7-9,8-3,7-7,3-2,,,,,,4-3,7-7,5-10,28-31,13-10,2022-23
00,22022,1610612740,New Orleans,Pelicans,West,29-23,9,,Southwest,11-5,2,42,40,0.512,0.0,42-40,27-14,15-26,7-3,7-3,5-5,3-4,4-6,25-20,7,W 7,-6,L 6,7,10,2,W 2,-1,L 1,-1,L 1,11.0,9.0,0,0,0,0,0,31-13,9-26,2-1,34-8,7-32,1-0,42-33,33-39,19-29,35-10,34-14,19-15,114.4,112.5,1.9,13-17,4-6,5-5,4-6,29-23,9-9,9-9,11-5,3-13,4-6,9-6,3-2,,,,,,4-2,9-6,10-5,30-29,12-11,2022-23
00,22022,1610612741,Chicago,Bulls,East,27-25,10,,Central,7-9,3,40,42,0.488,0.0,40-42,22-19,18-23,6-4,4-6,8-2,3-4,4-7,24-19,3,W 3,6,W 6,3,6,1,W 1,1,W 1,2,W 2,18.0,18.0,0,0,0,0,0,27-12,12-29,1-1,31-9,8-32,1-1,40-31,29-41,23-27,34-17,25-7,25-26,113.1,111.8,1.3,27-25,9-9,7-9,11-7,13-17,6-4,2-8,5-5,7-7,5-7,9-6,3-2,,,,,,3-4,6-8,7-8,26-33,14-9,2022-23
00,22022,1610612760,Oklahoma City,Thunder,West,25-27,10,,Northwest,9-7,3,40,42,0.488,0.0,40-42,24-17,16-25,4-6,7-3,5-5,2-4,7-7,21-15,5,W 5,-6,L 6,4,5,1,W 1,1,W 1,2,W 2,13.0,13.0,0,0,0,0,0,26-8,13-30,1-4,29-11,8-30,3-1,40-40,33-42,23-28,30-10,23-9,33-31,117.5,116.4,1.1,15-15,6-4,5-5,4-6,25-27,9-7,6-12,10-8,9-5,4-7,10-7,2-2,,,,,,3-3,6-10,6-8,28-29,12-13,2022-23
00,22022,1610612754,Indiana,Pacers,East,24-28,11, - o,Central,7-9,4,35,47,0.427,0.0,35-47,20-21,15-26,3-7,3-7,5-5,1-2,8-7,9-25,6,W 6,-11,L 11,5,7,-2,L 2,1,W 1,1,W 1,23.0,23.0,0,0,0,1,1,21-13,14-34,0-0,23-9,9-36,3-2,34-42,32-46,16-29,26-10,17-10,18-22,116.3,119.5,-3.2,24-28,7-11,7-9,10-8,11-19,2-8,5-5,4-6,4-11,4-7,6-9,1-3,,,,,,3-5,9-4,8-8,26-34,9-13,2022-23
00,22022,1610612742,Dallas,Mavericks,West,28-24,11, - o,Southwest,9-7,3,38,44,0.463,0.0,38-44,23-18,15-26,2-8,3-7,3-7,4-5,8-12,11-12,6,W 6,-6,L 6,7,4,-2,L 2,-3,L 3,-2,L 2,15.0,13.0,0,0,0,1,1,26-14,10-30,2-0,29-11,8-32,1-1,36-36,32-42,21-25,24-9,10-4,20-22,114.2,114.1,0.1,10-20,6-4,2-8,2-8,28-24,9-9,10-8,9-7,6-9,5-6,5-9,1-4,,,,,,3-3,7-7,11-6,31-29,7-15,2022-23
00,22022,1610612762,Utah,Jazz,West,24-28,12, - o,Northwest,6-10,4,37,45,0.451,0.0,37-45,23-18,14-27,2-8,4-6,3-7,4-1,10-8,13-16,5,W 5,-6,L 6,4,5,1,W 1,-3,L 3,-1,L 1,16.0,16.0,0,0,0,1,1,26-9,10-35,1-1,27-9,8-33,2-3,37-40,37-45,21-30,25-15,24-23,11-13,117.1,118.0,-0.9,13-17,3-7,4-6,6-4,24-28,6-10,8-10,10-8,7-6,5-6,5-9,1-4,,,,,,6-2,7-9,6-9,29-31,8-14,2022-23
00,22022,1610612764,Washington,Wizards,East,21-31,12, - o,Southeast,8-8,3,35,47,0.427,0.0,35-47,19-22,16-25,3-7,4-6,3-7,1-2,7-6,19-21,-4,L 4,-10,L 10,6,10,-1,L 1,-6,L 6,-1,L 1,23.0,9.0,0,0,0,1,1,26-14,8-31,1-2,30-8,5-37,0-2,35-39,30-47,19-27,31-11,26-16,10-16,113.2,114.4,-1.2,21-31,5-13,8-10,8-8,14-16,4-6,3-7,7-3,8-5,5-6,5-11,1-4,,,,,,3-4,8-7,5-10,28-30,7-17,2022-23
00,22022,1610612753,Orlando,Magic,East,20-32,13, - o,Southeast,7-9,4,34,48,0.415,0.0,34-48,20-21,14-27,5-5,5-5,3-7,2-2,5-6,16-24,-6,L 6,-6,L 6,6,9,-2,L 2,-2,L 2,-4,L 4,24.0,10.0,0,0,0,1,1,25-11,7-35,2-2,24-6,9-41,1-1,32-40,26-48,19-30,30-11,25-17,15-23,111.4,114.0,-2.6,20-32,8-10,5-13,7-9,14-16,4-6,5-5,5-5,7-7,6-5,7-8,1-4,,,,,,1-6,4-11,8-7,24-35,10-13,2022-23
00,22022,1610612757,Portland,Trail Blazers,West,23-29,13, - o,Northwest,7-9,5,33,49,0.402,0.0,33-49,17-24,16-25,1-9,0-10,4-6,2-0,8-7,18-28,-10,L 10,-8,L 8,4,6,-10,L 10,-3,L 3,-4,L 4,20.0,20.0,0,0,0,1,1,21-14,11-34,1-1,25-11,6-36,2-2,33-38,30-49,17-30,25-12,21-15,14-17,113.4,117.4,-4.0,10-20,1-9,3-7,6-4,23-29,7-9,6-12,10-8,6-9,5-6,3-13,1-4,,,,,,5-1,6-10,7-6,28-30,5-19,2022-23
00,22022,1610612745,Houston,Rockets,West,12-40,14, - o,Southwest,4-12,4,22,60,0.268,0.0,22-60,14-27,8-33,4-6,5-5,3-7,1-1,5-4,6-36,-10,L 10,-8,L 8,3,13,1,W 1,2,W 2,3,W 3,31.0,29.0,0,0,0,0,0,14-16,7-44,1-0,15-12,7-48,0-0,21-49,19-57,10-38,14-14,19-34,6-10,110.7,118.6,-7.9,10-20,2-8,4-6,4-6,12-40,5-13,3-15,4-12,2-12,1-10,6-11,3-1,,,,,,1-7,4-9,5-10,13-45,9-15,2022-23
00,22022,1610612766,Charlotte,Hornets,East,15-37,14, - o,Southeast,7-9,5,27,55,0.329,0.0,27-55,13-28,14-27,5-5,2-8,6-4,1-4,3-3,8-35,-6,L 6,-7,L 7,5,8,-4,L 4,3,W 3,1,W 1,31.0,17.0,0,0,0,1,1,15-8,11-45,1-2,18-6,9-48,0-1,27-42,25-54,15-31,21-7,16-17,12-30,111.0,117.2,-6.2,15-37,2-16,6-12,7-9,12-18,4-6,3-7,5-5,5-10,5-6,6-9,1-3,,,,,,3-4,3-11,4-12,17-43,10-12,2022-23
00,22022,1610612759,San Antonio,Spurs,West,10-42,15, - o,Southwest,3-13,5,22,60,0.268,0.0,22-60,14-27,8-33,3-7,4-6,3-7,1-5,3-3,6-42,-5,L 5,-18,L 18,3,16,-1,L 1,1,W 1,1,W 1,31.0,29.0,0,0,0,0,0,17-11,4-47,1-2,18-8,3-52,1-0,22-48,17-60,12-36,19-3,15-17,5-25,113.0,123.1,-10.0,12-18,3-7,6-4,3-7,10-42,6-12,1-17,3-13,2-13,1-10,4-11,3-2,,,,,,5-2,1-14,6-8,14-45,8-15,2022-23
00,22022,1610612765,Detroit,Pistons,East,8-44,15, - o,Central,2-14,5,17,65,0.207,0.0,17-65,9-32,8-33,1-9,1-9,1-9,3-1,2-8,6-37,-6,L 6,-13,L 13,2,11,-5,L 5,-1,L 1,-1,L 1,41.0,41.0,0,0,0,1,1,12-14,5-50,0-1,14-6,2-55,1-4,17-51,15-63,7-39,14-12,11-14,11-18,110.3,118.5,-8.2,8-44,1-17,2-14,5-13,9-21,5-5,2-8,2-8,3-10,2-8,1-14,1-4,,,,,,2-6,3-12,5-11,15-44,2-21,2022-23
00,22023,1610612738,Boston,Celtics,East,41-11,1, - e,Atlantic,15-2 ,1,64,18,0.78,3.0,64-18,37-4 ,27-14,7-3  ,9-1  ,7-3  ,2-4  ,6-7  ,42-5 ,20,W 20,8,W 8,11,2,2,W 2,-1,L 1,2,W 2,0.0,0.0,1,1,1,0,0,56-11,8-7  ,0-0  ,59-6 ,4-12 ,1-0  ,64-15,49-18,38-13,56-2 ,43-6 ,31-9 ,120.6,109.2,11.3,41-11,15-2,13-5,13-4,23-7,6-4,7-3,10-0,11-5,9-1,12-4,6-2,,,,,,3-0,11-4,12-2,43-12,21-6,2023-24
00,22023,1610612760,Oklahoma City,Thunder,West,36-16,1, - w,Northwest,12-4 ,1,57,25,0.695,,57-25,33-8 ,24-17,7-3  ,8-2  ,6-4  ,3-1  ,6-3  ,32-10,9,W 9,4,W 4,6,3,5,W 5,1,W 1,5,W 5,0.0,0.0,1,1,1,0,0,44-5 ,13-19,0-1  ,50-4 ,7-20 ,0-1  ,57-22,45-25,31-17,51-6 ,26-2 ,40-15,120.1,112.7,7.4,21-9,6-4,6-4,9-1,36-16,12-4,11-7,13-5,11-6,8-3,11-4,5-3,,,,,,3-1,9-5,10-3,37-17,20-8,2023-24
00,22023,1610612743,Denver,Nuggets,West,33-19,2, - x,Northwest,10-6 ,2,57,25,0.695,,57-25,33-8 ,24-17,6-4  ,8-2  ,7-3  ,0-1  ,6-6  ,28-10,9,W 9,6,W 6,6,3,4,W 4,1,W 1,1,W 1,0.0,0.0,0,0,1,0,0,43-8 ,11-16,3-1  ,49-8 ,6-17 ,2-0  ,57-17,50-25,27-20,54-5 ,36-7 ,26-9 ,114.9,109.6,5.3,24-6,8-2,8-2,8-2,33-19,10-6,11-7,12-6,10-5,8-3,11-4,5-2,,,,,,4-0,9-6,10-5,36-19,21-6,2023-24
00,22023,1610612752,New York,Knicks,East,35-17,2, - x,Atlantic,12-5 ,2,50,32,0.61,4.0,50-32,27-14,23-18,6-4  ,7-3  ,6-4  ,1-1  ,4-3  ,32-16,7,W 7,5,W 5,9,4,3,W 3,3,W 3,5,W 5,14.0,14.0,0,0,1,0,0,37-3 ,11-28,2-1  ,42-3 ,6-29 ,2-0  ,48-24,31-28,22-26,39-1 ,44-17,24-14,112.8,108.2,4.6,35-17,12-5,11-7,12-5,15-15,5-5,6-4,4-6,14-2,4-8,9-5,6-2,,,,,,2-2,9-5,6-8,33-22,17-10,2023-24
00,22023,1610612749,Milwaukee,Bucks,East,34-18,3, - c,Central,10-7 ,1,49,33,0.598,1.0,49-33,31-11,18-22,3-7  ,6-4  ,2-8  ,2-2  ,4-6  ,25-16,9,W 9,4,W 4,7,4,2,W 2,-3,L 3,-2,L 2,15.0,0.0,0,1,1,0,0,38-8 ,11-23,0-2  ,42-5 ,6-27 ,1-1  ,49-27,39-33,28-23,38-6 ,34-8 ,22-11,119.0,116.4,2.6,34-18,12-6,10-7,12-5,15-15,4-6,5-5,6-4,8-8,7-5,8-6,2-6,,,,,,2-1,11-5,11-2,35-21,14-12,2023-24
00,22023,1610612750,Minnesota,Timberwolves,West,37-15,3, - x,Northwest,12-4 ,3,56,26,0.683,,56-26,30-11,26-15,6-4  ,7-3  ,6-4  ,1-4  ,7-6  ,32-10,7,W 7,5,W 5,7,2,-1,L 1,-1,L 1,-1,L 1,1.0,1.0,0,0,1,0,0,38-7 ,17-19,1-0  ,45-10,7-15 ,4-1  ,55-22,36-23,31-20,50-6 ,38-12,26-8 ,113.0,106.5,6.5,19-11,6-4,6-4,7-3,37-15,12-4,10-7,15-4,10-7,8-3,9-6,5-3,,,,,,1-2,13-2,10-3,39-16,17-10,2023-24
00,22023,1610612739,Cleveland,Cavaliers,East,31-21,4, - x,Central,11-5 ,2,48,34,0.585,,48-34,26-15,22-19,4-6  ,6-4  ,2-8  ,3-1  ,9-5  ,24-16,9,W 9,6,W 6,9,3,-1,L 1,-3,L 3,-1,L 1,16.0,1.0,0,0,1,0,0,36-12,9-22 ,3-0  ,42-7 ,6-27 ,0-0  ,47-25,34-34,24-25,42-7 ,33-5 ,20-17,112.6,110.2,2.4,31-21,9-8,11-5,11-8,17-13,5-5,4-6,8-2,11-2,9-4,7-10,3-4,,,,,,1-3,9-6,8-5,36-17,12-17,2023-24
00,22023,1610612746,LA,Clippers,West,30-22,4, - p,Pacific,9-7  ,1,51,31,0.622,,51-31,25-16,26-15,6-4  ,3-7  ,8-2  ,0-1  ,6-4  ,28-17,8,W 8,-6,L 6,9,6,-3,L 3,1,W 1,-3,L 3,6.0,0.0,0,1,1,0,0,38-11,11-20,2-0  ,40-4 ,11-25,0-2  ,50-27,40-31,26-22,47-3 ,34-6 ,23-10,115.6,112.3,3.3,21-9,6-4,6-4,9-1,30-22,10-9,9-7,11-6,12-3,6-5,10-7,4-4,,,,,,3-1,5-9,11-2,36-17,15-14,2023-24
00,22023,1610612753,Orlando,Magic,East,32-20,5, - se,Southeast,9-7  ,1,47,35,0.573,,47-35,29-12,18-23,5-5  ,7-3  ,4-6  ,2-1  ,6-9  ,27-20,9,W 9,-5,L 5,9,4,4,W 4,-4,L 4,1,W 1,17.0,0.0,0,1,1,0,0,37-9 ,10-25,0-1  ,40-1 ,7-33 ,0-1  ,45-23,26-33,19-28,36-5 ,36-14,28-13,110.5,108.4,2.0,32-20,9-8,14-5,9-7,15-15,7-3,2-8,6-4,6-10,9-3,9-5,4-4,,,,,,2-2,11-3,6-8,30-25,17-10,2023-24
00,22023,1610612742,Dallas,Mavericks,West,31-21,5, - sw,Southwest,11-5 ,1,50,32,0.61,,50-32,25-16,25-16,7-3  ,7-3  ,7-3  ,1-0  ,5-2  ,31-21,7,W 7,5,W 5,7,3,-1,L 1,-1,L 1,-2,L 2,7.0,0.0,0,1,1,0,0,32-5 ,16-26,2-1  ,39-2 ,10-30,1-0  ,50-25,41-32,23-24,37-3 ,25-9 ,30-15,117.9,115.6,2.2,19-11,6-4,3-7,10-0,31-21,10-9,10-7,11-5,7-8,8-3,11-4,5-3,,,,,,3-0,8-6,8-8,32-23,18-9,2023-24
00,22023,1610612754,Indiana,Pacers,East,32-20,6, - x,Central,11-6 ,3,47,35,0.573,2.0,47-35,26-15,21-20,7-3  ,7-3  ,6-4  ,0-1  ,6-5  ,30-16,5,W 5,5,W 5,6,4,5,W 5,-1,L 1,1,W 1,17.0,2.0,0,0,1,0,0,32-7 ,14-27,1-1  ,42-5 ,5-28 ,0-2  ,47-34,44-35,28-21,42-5 ,25-7 ,28-20,123.3,120.2,3.0,32-20,10-8,11-6,11-6,15-15,3-7,5-5,7-3,10-7,7-5,8-7,5-2,,,,,,2-1,7-7,8-6,31-25,16-10,2023-24
00,22023,1610612756,Phoenix,Suns,West,29-23,6, - x,Pacific,9-9  ,2,49,33,0.598,4.0,49-33,25-16,24-17,7-3  ,5-5  ,7-3  ,3-0  ,8-6  ,29-14,9,W 9,6,W 6,7,3,-2,L 2,4,W 4,3,W 3,8.0,2.0,0,0,1,0,0,36-12,11-21,2-0  ,43-10,6-23 ,0-0  ,48-29,43-33,27-22,43-16,36-16,17-6 ,116.2,113.2,3.1,20-10,4-6,8-2,8-2,29-23,12-5,9-9,8-9,11-5,7-4,8-7,6-2,,,,,,2-2,9-5,6-8,33-22,16-11,2023-24
00,22023,1610612755,Philadelphia,76ers,East,31-21,7,,Atlantic,8-8  ,3,47,35,0.573,,47-35,25-16,22-19,8-2  ,7-3  ,5-5  ,1-2  ,3-4  ,27-18,6,W 6,4,W 4,8,4,4,W 4,4,W 4,8,W 8,17.0,17.0,0,0,0,0,0,38-10,8-25 ,1-0  ,39-9 ,7-25 ,1-1  ,44-25,31-35,23-24,34-3 ,25-5 ,29-21,114.6,111.5,3.0,31-21,8-8,8-9,15-4,16-14,6-4,4-6,6-4,7-7,4-8,7-10,7-0,,,,,,2-1,10-5,10-4,32-22,15-13,2023-24
00,22023,1610612740,New Orleans,Pelicans,West,30-22,7,,Southwest,9-7  ,2,49,33,0.598,3.0,49-33,21-19,28-14,5-5  ,3-7  ,9-1  ,0-1  ,1-7  ,32-18,5,W 5,7,W 7,4,5,-5,L 5,6,W 6,-1,L 1,8.0,1.0,0,0,0,0,0,45-11,4-20 ,0-2  ,47-9 ,0-22 ,2-2  ,46-27,38-33,26-26,45-7 ,36-8 ,29-16,115.1,110.7,4.4,19-11,8-2,5-5,6-4,30-22,9-8,12-7,9-7,8-7,8-4,10-4,4-4,,,,,,2-1,8-8,9-5,33-22,16-11,2023-24
00,22023,1610612747,Los Angeles,Lakers,West,27-25,8,,Pacific,7-10 ,3,47,35,0.573,1.0,47-35,28-14,19-21,7-3  ,6-4  ,8-2  ,4-1  ,11-4 ,20-25,5,W 5,5,W 5,5,4,-2,L 2,5,W 5,2,W 2,10.0,4.0,0,0,0,0,0,33-5 ,12-30,2-0  ,37-1 ,10-32,0-2  ,47-31,40-35,25-28,41-10,27-8 ,22-13,118.0,117.4,0.6,20-10,6-4,8-2,6-4,27-25,9-8,7-10,11-7,7-8,9-3,9-5,5-2,,,,,,2-2,9-7,6-8,30-26,17-9,2023-24
00,22023,1610612748,Miami,Heat,East,32-20,8,,Southeast,13-3 ,2,46,36,0.561,,46-36,22-19,24-17,7-3  ,5-5  ,6-4  ,2-0  ,8-4  ,21-15,-4,L 4,6,W 6,7,7,2,W 2,1,W 1,2,W 2,18.0,1.0,0,0,0,0,0,36-9 ,8-25 ,2-2  ,40-9 ,3-26 ,3-1  ,44-20,33-35,22-26,39-2 ,25-11,28-14,110.1,108.4,1.8,32-20,8-10,11-7,13-3,14-16,3-7,5-5,6-4,6-10,8-3,8-7,5-3,,,,,,1-3,10-5,8-5,30-25,16-11,2023-24
00,22023,1610612741,Chicago,Bulls,East,22-29,9,,Central,7-9  ,4,39,43,0.476,,39-43,20-21,19-22,5-5  ,4-6  ,5-5  ,7-4  ,6-8  ,12-25,3,W 3,-7,L 7,4,5,-1,L 1,-1,L 1,-1,L 1,25.0,10.0,0,0,0,0,0,26-11,13-31,0-1  ,27-7 ,9-35 ,3-1  ,39-33,31-42,19-32,30-10,24-15,24-27,112.3,113.7,-1.4,22-29,5-12,7-9,10-8,17-14,6-4,3-7,8-3,8-7,5-5,8-8,3-4,,,,,,2-2,4-12,9-5,26-29,13-14,2023-24
00,22023,1610612758,Sacramento,Kings,West,30-22,9,,Pacific,10-7 ,4,46,36,0.561,2.0,46-36,24-17,22-19,4-6  ,5-5  ,5-5  ,5-1  ,6-5  ,26-19,5,W 5,4,W 4,6,4,1,W 1,-1,L 1,1,W 1,11.0,5.0,0,0,0,0,0,38-9 ,7-27 ,1-0  ,42-8 ,3-27 ,1-1  ,46-27,35-35,24-25,36-3 ,32-15,24-16,116.6,114.8,1.7,16-14,5-5,5-5,6-4,30-22,12-5,10-7,8-10,8-7,6-6,10-6,3-5,,,,,,2-1,8-6,9-5,31-23,15-13,2023-24
00,22023,1610612744,Golden State,Warriors,West,26-26,10,,Pacific,7-9  ,5,46,36,0.561,,46-36,21-20,25-16,8-2  ,5-5  ,8-2  ,1-4  ,4-11 ,24-12,8,W 8,8,W 8,6,6,1,W 1,2,W 2,1,W 1,11.0,5.0,0,0,0,0,0,36-13,8-21 ,2-2  ,42-11,3-24 ,1-1  ,45-34,37-36,21-28,39-4 ,34-17,17-11,117.8,115.2,2.6,20-10,7-3,5-5,8-2,26-26,9-10,7-9,10-7,5-7,11-3,9-7,6-2,,,,,,3-1,6-9,6-7,27-26,19-10,2023-24
00,22023,1610612737,Atlanta,Hawks,East,22-30,10,,Southeast,8-8  ,3,36,46,0.439,,36-46,21-20,15-26,3-7  ,6-4  ,2-8  ,4-2  ,9-6  ,15-21,4,W 4,-4,L 4,4,6,-2,L 2,-4,L 4,-6,L 6,28.0,11.0,0,0,0,0,0,25-13,9-31 ,2-2  ,26-5 ,8-39 ,2-2  ,35-41,30-46,18-32,27-5 ,24-13,17-23,118.3,120.5,-2.2,22-30,8-11,6-11,8-8,14-16,4-6,4-6,6-4,7-8,6-6,8-7,2-6,,,,,,2-2,7-7,4-10,24-31,12-15,2023-24
00,22023,1610612751,Brooklyn,Nets,East,24-28,11, - o,Atlantic,5-11 ,4,32,50,0.39,,32-50,20-21,12-29,5-5  ,6-4  ,2-8  ,1-4  ,4-6  ,17-28,-4,L 4,-6,L 6,3,6,1,W 1,-3,L 3,-2,L 2,32.0,32.0,0,0,0,1,1,21-15,11-34,0-1  ,24-9 ,8-41 ,0-0  ,31-35,25-48,13-37,27-11,21-16,15-22,110.4,113.3,-2.9,24-28,5-11,8-9,11-8,8-22,2-8,3-7,3-7,4-10,4-8,6-10,3-4,,,,,,1-2,8-7,6-9,21-33,11-17,2023-24
00,22023,1610612745,Houston,Rockets,West,28-24,11, - o,Southwest,9-7  ,3,41,41,0.5,,41-41,27-14,14-27,4-6  ,6-4  ,7-3  ,2-5  ,8-5  ,23-17,11,W 11,-9,L 9,11,5,1,W 1,2,W 2,2,W 2,16.0,9.0,0,0,0,1,1,27-11,13-28,1-2  ,34-6 ,6-35 ,1-0  ,40-33,32-41,19-29,26-10,25-15,25-19,114.3,113.2,1.1,13-17,3-7,5-5,5-5,28-24,11-8,8-9,9-7,7-10,3-9,13-2,3-5,,,,,,0-3,8-5,7-7,24-30,17-11,2023-24
00,22023,1610612762,Utah,Jazz,West,16-36,12, - o,Northwest,5-11 ,4,31,51,0.378,,31-51,21-20,10-31,2-8  ,2-8  ,1-9  ,2-2  ,5-8  ,15-33,9,W 9,-13,L 13,6,13,1,W 1,-1,L 1,-1,L 1,26.0,26.0,0,0,0,1,1,21-5 ,10-44,0-2  ,25-4 ,4-42 ,2-5  ,31-42,29-51,14-40,26-7 ,26-28,9-8  ,115.7,120.5,-4.9,15-15,5-5,5-5,5-5,16-36,5-11,3-15,8-10,10-6,3-8,2-13,2-5,,,,,,1-3,5-10,8-6,26-30,5-21,2023-24
00,22023,1610612761,Toronto,Raptors,East,18-34,12, - o,Atlantic,1-15 ,5,25,57,0.305,,25-57,14-27,11-30,2-8  ,1-9  ,1-9  ,1-3  ,5-10 ,10-30,-8,L 8,-7,L 7,3,15,-1,L 1,-3,L 3,-4,L 4,39.0,39.0,0,0,0,1,1,19-14,6-42 ,0-1  ,19-10,6-47 ,0-0  ,24-46,21-55,10-38,19-12,21-13,10-24,112.4,118.8,-6.4,18-34,1-15,8-9,9-10,7-23,1-9,2-8,4-6,5-10,5-7,1-14,2-6,,,,,,1-3,8-7,3-10,19-36,6-21,2023-24
00,22023,1610612763,Memphis,Grizzlies,West,14-37,13, - o,Southwest,8-8  ,4,27,55,0.329,,27-55,9-32 ,18-23,3-7  ,2-8  ,4-6  ,1-3  ,6-3  ,11-31,-8,L 8,-5,L 5,4,9,-4,L 4,-1,L 1,-5,L 5,30.0,23.0,0,0,0,1,1,15-14,11-40,1-1  ,16-4 ,10-51,1-0  ,26-34,20-53,12-39,21-4 ,20-8 ,8-28 ,105.8,112.8,-7.0,13-18,3-7,6-5,4-6,14-37,2-16,4-13,8-8,8-7,2-10,4-11,3-5,,,,,,0-4,4-9,6-9,20-36,7-19,2023-24
00,22023,1610612766,Charlotte,Hornets,East,14-38,13, - o,Southeast,6-10 ,4,21,61,0.256,,21-61,11-30,10-31,3-7  ,3-7  ,3-7  ,1-1  ,7-3  ,5-43 ,-8,L 8,-8,L 8,4,11,-2,L 2,1,W 1,1,W 1,43.0,26.0,0,0,0,1,1,11-6 ,10-53,0-2  ,11-6 ,10-53,0-2  ,20-33,17-58,10-43,18-9 ,12-9 ,10-29,106.6,116.8,-10.2,14-38,4-14,4-14,6-10,7-23,3-7,1-9,3-7,3-13,5-8,3-12,3-5,,,,,,1-2,5-9,1-12,13-41,8-20,2023-24
00,22023,1610612759,San Antonio,Spurs,West,14-37,14, - o,Southwest,3-13 ,5,22,60,0.268,,22-60,12-29,10-31,6-4  ,5-5  ,4-6  ,3-2  ,5-7  ,12-31,-10,L 10,-11,L 11,3,18,2,W 2,-1,L 1,2,W 2,35.0,28.0,0,0,0,1,1,14-15,7-44 ,1-1  ,15-6 ,5-50 ,2-4  ,22-47,18-58,11-39,16-11,15-19,7-20 ,112.1,118.6,-6.5,8-23,3-7,3-8,2-8,14-37,6-12,5-12,3-13,5-11,2-10,6-9,4-3,,,,,,2-2,1-13,2-12,11-44,11-16,2023-24
00,22023,1610612764,Washington,Wizards,East,11-41,14, - o,Southeast,4-12 ,5,15,67,0.183,,15-67,7-34 ,8-33 ,1-9  ,3-7  ,2-8  ,0-2  ,4-5  ,6-35 ,-16,L 16,-8,L 8,3,16,-3,L 3,-3,L 3,-6,L 6,49.0,32.0,0,0,0,1,1,12-15,3-51 ,0-1  ,9-5  ,5-61 ,1-1  ,15-60,14-66,4-46 ,13-11,8-4  ,8-29 ,113.7,123.0,-9.3,11-41,2-17,5-12,4-12,4-26,1-9,1-9,2-8,3-12,0-12,5-11,1-6,,,,,,1-2,2-13,3-11,9-45,6-22,2023-24
00,22023,1610612765,Detroit,Pistons,East,10-41,15, - o,Central,2-14 ,5,14,68,0.171,,14-68,7-33 ,7-35 ,2-8  ,2-8  ,2-8  ,1-2  ,1-7  ,8-39 ,-14,L 14,-18,L 18,2,28,-7,L 7,-1,L 1,-1,L 1,50.0,35.0,0,0,0,1,1,9-10 ,4-56 ,1-2  ,11-9 ,3-58 ,0-1  ,13-58,9-68 ,5-47 ,13-17,11-25,4-17 ,109.9,119.0,-9.1,10-41,3-14,2-14,5-13,4-27,2-8,1-9,1-10,3-12,3-8,4-12,1-7,,,,,,2-2,0-15,1-12,8-46,6-22,2023-24
00,22023,1610612757,Portland,Trail Blazers,West,8-44 ,15, - o,Northwest,1-15 ,5,21,61,0.256,,21-61,11-30,10-31,2-8  ,2-8  ,2-8  ,5-3  ,5-6  ,5-38 ,-9,L 9,-7,L 7,3,10,-7,L 7,-2,L 2,-5,L 5,36.0,36.0,0,0,0,1,1,12-11,9-50 ,0-0  ,14-4 ,6-57 ,1-0  ,19-39,17-59,8-41 ,15-8 ,16-23,12-19,106.4,115.4,-9.0,13-17,5-5,5-5,3-7,8-44,1-15,2-16,5-13,6-11,0-9,4-13,2-6,,,,,,1-3,5-9,3-10,15-39,6-22,2023-24
